"[PL] Sygnatura czasowa","[EN] Timestamp","[PL] KOD","[EN] ParticipantID","[PL] 3. Szukając inspiracji najchętniej korzystam z:","[EN] 3. When looking for inspiration I usually use:","[PL] 4. Czy korzystałaś/ korzystałeś wcześniej z narzędzia ""Midjourney""","[EN] 4. Did you use Midjourney before?","[PL] 5. Ile spośród wygenerowanych przy pomocy ""Midjourney"" obrazków zapisałeś w folderze z inspiracjami? ","[EN] 5. How many of the Midjourney generated images did you save in your inspirations folder?","[PL] 6. Jeśli w pytaniu nr 5 odpowiedziałaś/ odpowiedziałeś ""mniej niż 10"", wyjaśnij co było przyczyną?","[EN] 6. If you answered ‘less than 10’ in question 5, what was the reason?","[PL] 7. Jak oceniasz obrazek nr 11 wygenerowany przy użyciu ""Midjourney"" pod względem...?

Oceń w skali 1-5 (1-bardzo źle, 2-źle, 3-średnio, 4-dobrze, 5-bardzo dobrze)

OBRAZEK NR 11 [efektu zaskoczenia]","[EN] 7. How would you rate image no. 11 generated using ""Midjourney"" in terms of...??

Rate on a scale of 1-5 (1-very bad, 2-bad, 3-average, 4-good, 5-very good)

IMAGE NO. 11 [effect of surprise]","[PL] 7. Jak oceniasz obrazek nr 11 wygenerowany przy użyciu ""Midjourney"" pod względem...?

Oceń w skali 1-5 (1-bardzo źle, 2-źle, 3-średnio, 4-dobrze, 5-bardzo dobrze)

OBRAZEK NR 11 [innowacyjności rozwiązań]","[EN] 7. How would you rate image no. 11 generated using ""Midjourney"" in terms of...??

Rate on a scale of 1-5 (1-very bad, 2-bad, 3-average, 4-good, 5-very good)

IMAGE NO. 11 [solution innovativeness]","[PL] 7. Jak oceniasz obrazek nr 11 wygenerowany przy użyciu ""Midjourney"" pod względem...?

Oceń w skali 1-5 (1-bardzo źle, 2-źle, 3-średnio, 4-dobrze, 5-bardzo dobrze)

OBRAZEK NR 11 [jakości wizualnej]","[EN] 7. How would you rate image no. 11 generated using ""Midjourney"" in terms of...??

Rate on a scale of 1-5 (1-very bad, 2-bad, 3-average, 4-good, 5-very good)

IMAGE NO. 11 [visual quality]","[PL] 7. Jak oceniasz obrazek nr 11 wygenerowany przy użyciu ""Midjourney"" pod względem...?

Oceń w skali 1-5 (1-bardzo źle, 2-źle, 3-średnio, 4-dobrze, 5-bardzo dobrze)

OBRAZEK NR 11 [nastroju sceny/obrazka]","[EN] 7. How would you rate image no. 11 generated using ""Midjourney"" in terms of...??

Rate on a scale of 1-5 (1-very bad, 2-bad, 3-average, 4-good, 5-very good)

IMAGE NO. 11 [scene/image mood]","[PL] 7. Jak oceniasz obrazek nr 11 wygenerowany przy użyciu ""Midjourney"" pod względem...?

Oceń w skali 1-5 (1-bardzo źle, 2-źle, 3-średnio, 4-dobrze, 5-bardzo dobrze)

OBRAZEK NR 11 [kolorystyki obrazka]","[EN] 7. How would you rate image no. 11 generated using ""Midjourney"" in terms of...??

Rate on a scale of 1-5 (1-very bad, 2-bad, 3-average, 4-good, 5-very good)

IMAGE NO. 11 [image color scheme]","[PL] 7. Jak oceniasz obrazek nr 11 wygenerowany przy użyciu ""Midjourney"" pod względem...?

Oceń w skali 1-5 (1-bardzo źle, 2-źle, 3-średnio, 4-dobrze, 5-bardzo dobrze)

OBRAZEK NR 11 [zestawień materiałowych występujących na obrazku]","[EN] 7. How would you rate image no. 11 generated using ""Midjourney"" in terms of...??

Rate on a scale of 1-5 (1-very bad, 2-bad, 3-average, 4-good, 5-very good)

IMAGE NO. 11 [material combinations in the image]","[PL] 7. Jak oceniasz obrazek nr 11 wygenerowany przy użyciu ""Midjourney"" pod względem...?

Oceń w skali 1-5 (1-bardzo źle, 2-źle, 3-średnio, 4-dobrze, 5-bardzo dobrze)

OBRAZEK NR 11 [przydatności jako inspiracji dla Twojego projektu]","[EN] 7. How would you rate image no. 11 generated using ""Midjourney"" in terms of...??

Rate on a scale of 1-5 (1-very bad, 2-bad, 3-average, 4-good, 5-very good)

IMAGE NO. 11 [usefulness as inspiration for your project]","[PL] 8. Jak oceniasz obrazek nr 12 wygenerowany przy użyciu ""Midjourney"" pod względem...?

Oceń w skali 1-5 (1-bardzo źle, 2-źle, 3-średnio, 4-dobrze, 5-bardzo dobrze)

OBRAZEK NR 12 [efektu zaskoczenia]","[EN] 8. How would you rate image no. 12 generated using ""Midjourney"" in terms of...??

Rate on a scale of 1-5 (1-very bad, 2-bad, 3-average, 4-good, 5-very good)

IMAGE NO. 12 [effect of surprise]","[PL] 8. Jak oceniasz obrazek nr 12 wygenerowany przy użyciu ""Midjourney"" pod względem...?

Oceń w skali 1-5 (1-bardzo źle, 2-źle, 3-średnio, 4-dobrze, 5-bardzo dobrze)

OBRAZEK NR 12 [innowacyjności rozwiązań]","[EN] 8. How would you rate image no. 12 generated using ""Midjourney"" in terms of...??

Rate on a scale of 1-5 (1-very bad, 2-bad, 3-average, 4-good, 5-very good)

IMAGE NO. 12 [solution innovativeness]","[PL] 8. Jak oceniasz obrazek nr 12 wygenerowany przy użyciu ""Midjourney"" pod względem...?

Oceń w skali 1-5 (1-bardzo źle, 2-źle, 3-średnio, 4-dobrze, 5-bardzo dobrze)

OBRAZEK NR 12 [jakości wizualnej]","[EN] 8. How would you rate image no. 12 generated using ""Midjourney"" in terms of...??

Rate on a scale of 1-5 (1-very bad, 2-bad, 3-average, 4-good, 5-very good)

IMAGE NO. 12 [visual quality]","[PL] 8. Jak oceniasz obrazek nr 12 wygenerowany przy użyciu ""Midjourney"" pod względem...?

Oceń w skali 1-5 (1-bardzo źle, 2-źle, 3-średnio, 4-dobrze, 5-bardzo dobrze)

OBRAZEK NR 12 [nastroju sceny/obrazka]","[EN] 8. How would you rate image no. 12 generated using ""Midjourney"" in terms of...??

Rate on a scale of 1-5 (1-very bad, 2-bad, 3-average, 4-good, 5-very good)

IMAGE NO. 12 [scene/image mood]","[PL] 8. Jak oceniasz obrazek nr 12 wygenerowany przy użyciu ""Midjourney"" pod względem...?

Oceń w skali 1-5 (1-bardzo źle, 2-źle, 3-średnio, 4-dobrze, 5-bardzo dobrze)

OBRAZEK NR 12 [kolorystyki obrazka]","[EN] 8. How would you rate image no. 12 generated using ""Midjourney"" in terms of...??

Rate on a scale of 1-5 (1-very bad, 2-bad, 3-average, 4-good, 5-very good)

IMAGE NO. 12 [image color scheme]","[PL] 8. Jak oceniasz obrazek nr 12 wygenerowany przy użyciu ""Midjourney"" pod względem...?

Oceń w skali 1-5 (1-bardzo źle, 2-źle, 3-średnio, 4-dobrze, 5-bardzo dobrze)

OBRAZEK NR 12 [zestawień materiałowych występujących na obrazku]","[EN] 8. How would you rate image no. 12 generated using ""Midjourney"" in terms of...??

Rate on a scale of 1-5 (1-very bad, 2-bad, 3-average, 4-good, 5-very good)

IMAGE NO. 12 [material combinations in the image]","[PL] 8. Jak oceniasz obrazek nr 12 wygenerowany przy użyciu ""Midjourney"" pod względem...?

Oceń w skali 1-5 (1-bardzo źle, 2-źle, 3-średnio, 4-dobrze, 5-bardzo dobrze)

OBRAZEK NR 12 [przydatności jako inspiracji dla Twojego projektu]","[EN] 8. How would you rate image no. 12 generated using ""Midjourney"" in terms of...??

Rate on a scale of 1-5 (1-very bad, 2-bad, 3-average, 4-good, 5-very good)

IMAGE NO. 12 [usefulness as inspiration for your project]","[PL] 9. Jak oceniasz obrazek nr 13 wygenerowany przy użyciu ""Midjourney"" pod względem...?

Oceń w skali 1-5 (1-bardzo źle, 2-źle, 3-średnio, 4-dobrze, 5-bardzo dobrze)

OBRAZEK NR 13 [efektu zaskoczenia]","[EN] 9. How would you rate image no. 13 generated using ""Midjourney"" in terms of...??

Rate on a scale of 1-5 (1-very bad, 2-bad, 3-average, 4-good, 5-very good)

IMAGE NO. 13 [effect of surprise]","[PL] 9. Jak oceniasz obrazek nr 13 wygenerowany przy użyciu ""Midjourney"" pod względem...?

Oceń w skali 1-5 (1-bardzo źle, 2-źle, 3-średnio, 4-dobrze, 5-bardzo dobrze)

OBRAZEK NR 13 [innowacyjności rozwiązań]","[EN] 9. How would you rate image no. 13 generated using ""Midjourney"" in terms of...??

Rate on a scale of 1-5 (1-very bad, 2-bad, 3-average, 4-good, 5-very good)

IMAGE NO. 13 [solution innovativeness]","[PL] 9. Jak oceniasz obrazek nr 13 wygenerowany przy użyciu ""Midjourney"" pod względem...?

Oceń w skali 1-5 (1-bardzo źle, 2-źle, 3-średnio, 4-dobrze, 5-bardzo dobrze)

OBRAZEK NR 13 [jakości wizualnej]","[EN] 9. How would you rate image no. 13 generated using ""Midjourney"" in terms of...??

Rate on a scale of 1-5 (1-very bad, 2-bad, 3-average, 4-good, 5-very good)

IMAGE NO. 13 [visual quality]","[PL] 9. Jak oceniasz obrazek nr 13 wygenerowany przy użyciu ""Midjourney"" pod względem...?

Oceń w skali 1-5 (1-bardzo źle, 2-źle, 3-średnio, 4-dobrze, 5-bardzo dobrze)

OBRAZEK NR 13 [nastroju sceny/obrazka]","[EN] 9. How would you rate image no. 13 generated using ""Midjourney"" in terms of...??

Rate on a scale of 1-5 (1-very bad, 2-bad, 3-average, 4-good, 5-very good)

IMAGE NO. 13 [scene/image mood]","[PL] 9. Jak oceniasz obrazek nr 13 wygenerowany przy użyciu ""Midjourney"" pod względem...?

Oceń w skali 1-5 (1-bardzo źle, 2-źle, 3-średnio, 4-dobrze, 5-bardzo dobrze)

OBRAZEK NR 13 [kolorystyki obrazka]","[EN] 9. How would you rate image no. 13 generated using ""Midjourney"" in terms of...??

Rate on a scale of 1-5 (1-very bad, 2-bad, 3-average, 4-good, 5-very good)

IMAGE NO. 13 [image color scheme]","[PL] 9. Jak oceniasz obrazek nr 13 wygenerowany przy użyciu ""Midjourney"" pod względem...?

Oceń w skali 1-5 (1-bardzo źle, 2-źle, 3-średnio, 4-dobrze, 5-bardzo dobrze)

OBRAZEK NR 13 [zestawień materiałowych występujących na obrazku]","[EN] 9. How would you rate image no. 13 generated using ""Midjourney"" in terms of...??

Rate on a scale of 1-5 (1-very bad, 2-bad, 3-average, 4-good, 5-very good)

IMAGE NO. 13 [material combinations in the image]","[PL] 9. Jak oceniasz obrazek nr 13 wygenerowany przy użyciu ""Midjourney"" pod względem...?

Oceń w skali 1-5 (1-bardzo źle, 2-źle, 3-średnio, 4-dobrze, 5-bardzo dobrze)

OBRAZEK NR 13 [przydatności jako inspiracji dla Twojego projektu]","[EN] 9. How would you rate image no. 13 generated using ""Midjourney"" in terms of...??

Rate on a scale of 1-5 (1-very bad, 2-bad, 3-average, 4-good, 5-very good)

IMAGE NO. 13 [usefulness as inspiration for your project]","[PL] 10. Jak oceniasz obrazek nr 14 wygenerowany przy użyciu ""Midjourney"" pod względem...?

Oceń w skali 1-5 (1-bardzo źle, 2-źle, 3-średnio, 4-dobrze, 5-bardzo dobrze)

OBRAZEK NR 14 [efektu zaskoczenia]","[EN] 10. How would you rate image no. 14 generated using ""Midjourney"" in terms of...??

Rate on a scale of 1-5 (1-very bad, 2-bad, 3-average, 4-good, 5-very good)

IMAGE NO. 14 [effect of surprise]","[PL] 10. Jak oceniasz obrazek nr 14 wygenerowany przy użyciu ""Midjourney"" pod względem...?

Oceń w skali 1-5 (1-bardzo źle, 2-źle, 3-średnio, 4-dobrze, 5-bardzo dobrze)

OBRAZEK NR 14 [innowacyjności rozwiązań]","[EN] 10. How would you rate image no. 14 generated using ""Midjourney"" in terms of...??

Rate on a scale of 1-5 (1-very bad, 2-bad, 3-average, 4-good, 5-very good)

IMAGE NO. 14 [solution innovativeness]","[PL] 10. Jak oceniasz obrazek nr 14 wygenerowany przy użyciu ""Midjourney"" pod względem...?

Oceń w skali 1-5 (1-bardzo źle, 2-źle, 3-średnio, 4-dobrze, 5-bardzo dobrze)

OBRAZEK NR 14 [jakości wizualnej]","[EN] 10. How would you rate image no. 14 generated using ""Midjourney"" in terms of...??

Rate on a scale of 1-5 (1-very bad, 2-bad, 3-average, 4-good, 5-very good)

IMAGE NO. 14 [visual quality]","[PL] 10. Jak oceniasz obrazek nr 14 wygenerowany przy użyciu ""Midjourney"" pod względem...?

Oceń w skali 1-5 (1-bardzo źle, 2-źle, 3-średnio, 4-dobrze, 5-bardzo dobrze)

OBRAZEK NR 14 [nastroju sceny/obrazka]","[EN] 10. How would you rate image no. 14 generated using ""Midjourney"" in terms of...??

Rate on a scale of 1-5 (1-very bad, 2-bad, 3-average, 4-good, 5-very good)

IMAGE NO. 14 [scene/image mood]","[PL] 10. Jak oceniasz obrazek nr 14 wygenerowany przy użyciu ""Midjourney"" pod względem...?

Oceń w skali 1-5 (1-bardzo źle, 2-źle, 3-średnio, 4-dobrze, 5-bardzo dobrze)

OBRAZEK NR 14 [kolorystyki obrazka]","[EN] 10. How would you rate image no. 14 generated using ""Midjourney"" in terms of...??

Rate on a scale of 1-5 (1-very bad, 2-bad, 3-average, 4-good, 5-very good)

IMAGE NO. 14 [image color scheme]","[PL] 10. Jak oceniasz obrazek nr 14 wygenerowany przy użyciu ""Midjourney"" pod względem...?

Oceń w skali 1-5 (1-bardzo źle, 2-źle, 3-średnio, 4-dobrze, 5-bardzo dobrze)

OBRAZEK NR 14 [zestawień materiałowych występujących na obrazku]","[EN] 10. How would you rate image no. 14 generated using ""Midjourney"" in terms of...??

Rate on a scale of 1-5 (1-very bad, 2-bad, 3-average, 4-good, 5-very good)

IMAGE NO. 14 [material combinations in the image]","[PL] 10. Jak oceniasz obrazek nr 14 wygenerowany przy użyciu ""Midjourney"" pod względem...?

Oceń w skali 1-5 (1-bardzo źle, 2-źle, 3-średnio, 4-dobrze, 5-bardzo dobrze)

OBRAZEK NR 14 [przydatności jako inspiracji dla Twojego projektu]","[EN] 10. How would you rate image no. 14 generated using ""Midjourney"" in terms of...??

Rate on a scale of 1-5 (1-very bad, 2-bad, 3-average, 4-good, 5-very good)

IMAGE NO. 14 [usefulness as inspiration for your project]","[PL] 11. Jak oceniasz obrazek nr 15 wygenerowany przy użyciu ""Midjourney"" pod względem...?

Oceń w skali 1-5 (1-bardzo źle, 2-źle, 3-średnio, 4-dobrze, 5-bardzo dobrze)

OBRAZEK NR 15 [efektu zaskoczenia]","[EN] 11. How would you rate image no. 15 generated using ""Midjourney"" in terms of...??

Rate on a scale of 1-5 (1-very bad, 2-bad, 3-average, 4-good, 5-very good)

IMAGE NO. 15 [effect of surprise]","[PL] 11. Jak oceniasz obrazek nr 15 wygenerowany przy użyciu ""Midjourney"" pod względem...?

Oceń w skali 1-5 (1-bardzo źle, 2-źle, 3-średnio, 4-dobrze, 5-bardzo dobrze)

OBRAZEK NR 15 [innowacyjności rozwiązań]","[EN] 11. How would you rate image no. 15 generated using ""Midjourney"" in terms of...??

Rate on a scale of 1-5 (1-very bad, 2-bad, 3-average, 4-good, 5-very good)

IMAGE NO. 15 [solution innovativeness]","[PL] 11. Jak oceniasz obrazek nr 15 wygenerowany przy użyciu ""Midjourney"" pod względem...?

Oceń w skali 1-5 (1-bardzo źle, 2-źle, 3-średnio, 4-dobrze, 5-bardzo dobrze)

OBRAZEK NR 15 [jakości wizualnej]","[EN] 11. How would you rate image no. 15 generated using ""Midjourney"" in terms of...??

Rate on a scale of 1-5 (1-very bad, 2-bad, 3-average, 4-good, 5-very good)

IMAGE NO. 15 [visual quality]","[PL] 11. Jak oceniasz obrazek nr 15 wygenerowany przy użyciu ""Midjourney"" pod względem...?

Oceń w skali 1-5 (1-bardzo źle, 2-źle, 3-średnio, 4-dobrze, 5-bardzo dobrze)

OBRAZEK NR 15 [nastroju sceny/obrazka]","[EN] 11. How would you rate image no. 15 generated using ""Midjourney"" in terms of...??

Rate on a scale of 1-5 (1-very bad, 2-bad, 3-average, 4-good, 5-very good)

IMAGE NO. 15 [scene/image mood]","[PL] 11. Jak oceniasz obrazek nr 15 wygenerowany przy użyciu ""Midjourney"" pod względem...?

Oceń w skali 1-5 (1-bardzo źle, 2-źle, 3-średnio, 4-dobrze, 5-bardzo dobrze)

OBRAZEK NR 15 [kolorystyki obrazka]","[EN] 11. How would you rate image no. 15 generated using ""Midjourney"" in terms of...??

Rate on a scale of 1-5 (1-very bad, 2-bad, 3-average, 4-good, 5-very good)

IMAGE NO. 15 [image color scheme]","[PL] 11. Jak oceniasz obrazek nr 15 wygenerowany przy użyciu ""Midjourney"" pod względem...?

Oceń w skali 1-5 (1-bardzo źle, 2-źle, 3-średnio, 4-dobrze, 5-bardzo dobrze)

OBRAZEK NR 15 [zestawień materiałowych występujących na obrazku]","[EN] 11. How would you rate image no. 15 generated using ""Midjourney"" in terms of...??

Rate on a scale of 1-5 (1-very bad, 2-bad, 3-average, 4-good, 5-very good)

IMAGE NO. 15 [material combinations in the image]","[PL] 11. Jak oceniasz obrazek nr 15 wygenerowany przy użyciu ""Midjourney"" pod względem...?

Oceń w skali 1-5 (1-bardzo źle, 2-źle, 3-średnio, 4-dobrze, 5-bardzo dobrze)

OBRAZEK NR 15 [przydatności jako inspiracji dla Twojego projektu]","[EN] 11. How would you rate image no. 15 generated using ""Midjourney"" in terms of...??

Rate on a scale of 1-5 (1-very bad, 2-bad, 3-average, 4-good, 5-very good)

IMAGE NO. 15 [usefulness as inspiration for your project]","[PL] 12. Jak oceniasz obrazek nr 16 wygenerowany przy użyciu ""Midjourney"" pod względem...?

Oceń w skali 1-5 (1-bardzo źle, 2-źle, 3-średnio, 4-dobrze, 5-bardzo dobrze)

OBRAZEK NR 16 [efektu zaskoczenia]","[EN] 12. How would you rate image no. 16 generated using ""Midjourney"" in terms of...??

Rate on a scale of 1-5 (1-very bad, 2-bad, 3-average, 4-good, 5-very good)

IMAGE NO. 16 [effect of surprise]","[PL] 12. Jak oceniasz obrazek nr 16 wygenerowany przy użyciu ""Midjourney"" pod względem...?

Oceń w skali 1-5 (1-bardzo źle, 2-źle, 3-średnio, 4-dobrze, 5-bardzo dobrze)

OBRAZEK NR 16 [innowacyjności rozwiązań]","[EN] 12. How would you rate image no. 16 generated using ""Midjourney"" in terms of...??

Rate on a scale of 1-5 (1-very bad, 2-bad, 3-average, 4-good, 5-very good)

IMAGE NO. 16 [solution innovativeness]","[PL] 12. Jak oceniasz obrazek nr 16 wygenerowany przy użyciu ""Midjourney"" pod względem...?

Oceń w skali 1-5 (1-bardzo źle, 2-źle, 3-średnio, 4-dobrze, 5-bardzo dobrze)

OBRAZEK NR 16 [jakości wizualnej]","[EN] 12. How would you rate image no. 16 generated using ""Midjourney"" in terms of...??

Rate on a scale of 1-5 (1-very bad, 2-bad, 3-average, 4-good, 5-very good)

IMAGE NO. 16 [visual quality]","[PL] 12. Jak oceniasz obrazek nr 16 wygenerowany przy użyciu ""Midjourney"" pod względem...?

Oceń w skali 1-5 (1-bardzo źle, 2-źle, 3-średnio, 4-dobrze, 5-bardzo dobrze)

OBRAZEK NR 16 [nastroju sceny/obrazka]","[EN] 12. How would you rate image no. 16 generated using ""Midjourney"" in terms of...??

Rate on a scale of 1-5 (1-very bad, 2-bad, 3-average, 4-good, 5-very good)

IMAGE NO. 16 [scene/image mood]","[PL] 12. Jak oceniasz obrazek nr 16 wygenerowany przy użyciu ""Midjourney"" pod względem...?

Oceń w skali 1-5 (1-bardzo źle, 2-źle, 3-średnio, 4-dobrze, 5-bardzo dobrze)

OBRAZEK NR 16 [kolorystyki obrazka]","[EN] 12. How would you rate image no. 16 generated using ""Midjourney"" in terms of...??

Rate on a scale of 1-5 (1-very bad, 2-bad, 3-average, 4-good, 5-very good)

IMAGE NO. 16 [image color scheme]","[PL] 12. Jak oceniasz obrazek nr 16 wygenerowany przy użyciu ""Midjourney"" pod względem...?

Oceń w skali 1-5 (1-bardzo źle, 2-źle, 3-średnio, 4-dobrze, 5-bardzo dobrze)

OBRAZEK NR 16 [zestawień materiałowych występujących na obrazku]","[EN] 12. How would you rate image no. 16 generated using ""Midjourney"" in terms of...??

Rate on a scale of 1-5 (1-very bad, 2-bad, 3-average, 4-good, 5-very good)

IMAGE NO. 16 [material combinations in the image]","[PL] 12. Jak oceniasz obrazek nr 16 wygenerowany przy użyciu ""Midjourney"" pod względem...?

Oceń w skali 1-5 (1-bardzo źle, 2-źle, 3-średnio, 4-dobrze, 5-bardzo dobrze)

OBRAZEK NR 16 [przydatności jako inspiracji dla Twojego projektu]","[EN] 12. How would you rate image no. 16 generated using ""Midjourney"" in terms of...??

Rate on a scale of 1-5 (1-very bad, 2-bad, 3-average, 4-good, 5-very good)

IMAGE NO. 16 [usefulness as inspiration for your project]","[PL] 13. Jak oceniasz obrazek nr 17 wygenerowany przy użyciu ""Midjourney"" pod względem...?

Oceń w skali 1-5 (1-bardzo źle, 2-źle, 3-średnio, 4-dobrze, 5-bardzo dobrze)

OBRAZEK NR 17 [efektu zaskoczenia]","[EN] 13. How would you rate image no. 17 generated using ""Midjourney"" in terms of...??

Rate on a scale of 1-5 (1-very bad, 2-bad, 3-average, 4-good, 5-very good)

IMAGE NO. 17 [effect of surprise]","[PL] 13. Jak oceniasz obrazek nr 17 wygenerowany przy użyciu ""Midjourney"" pod względem...?

Oceń w skali 1-5 (1-bardzo źle, 2-źle, 3-średnio, 4-dobrze, 5-bardzo dobrze)

OBRAZEK NR 17 [innowacyjności rozwiązań]","[EN] 13. How would you rate image no. 17 generated using ""Midjourney"" in terms of...??

Rate on a scale of 1-5 (1-very bad, 2-bad, 3-average, 4-good, 5-very good)

IMAGE NO. 17 [solution innovativeness]","[PL] 13. Jak oceniasz obrazek nr 17 wygenerowany przy użyciu ""Midjourney"" pod względem...?

Oceń w skali 1-5 (1-bardzo źle, 2-źle, 3-średnio, 4-dobrze, 5-bardzo dobrze)

OBRAZEK NR 17 [jakości wizualnej]","[EN] 13. How would you rate image no. 17 generated using ""Midjourney"" in terms of...??

Rate on a scale of 1-5 (1-very bad, 2-bad, 3-average, 4-good, 5-very good)

IMAGE NO. 17 [visual quality]","[PL] 13. Jak oceniasz obrazek nr 17 wygenerowany przy użyciu ""Midjourney"" pod względem...?

Oceń w skali 1-5 (1-bardzo źle, 2-źle, 3-średnio, 4-dobrze, 5-bardzo dobrze)

OBRAZEK NR 17 [nastroju sceny/obrazka]","[EN] 13. How would you rate image no. 17 generated using ""Midjourney"" in terms of...??

Rate on a scale of 1-5 (1-very bad, 2-bad, 3-average, 4-good, 5-very good)

IMAGE NO. 17 [scene/image mood]","[PL] 13. Jak oceniasz obrazek nr 17 wygenerowany przy użyciu ""Midjourney"" pod względem...?

Oceń w skali 1-5 (1-bardzo źle, 2-źle, 3-średnio, 4-dobrze, 5-bardzo dobrze)

OBRAZEK NR 17 [kolorystyki obrazka]","[EN] 13. How would you rate image no. 17 generated using ""Midjourney"" in terms of...??

Rate on a scale of 1-5 (1-very bad, 2-bad, 3-average, 4-good, 5-very good)

IMAGE NO. 17 [image color scheme]","[PL] 13. Jak oceniasz obrazek nr 17 wygenerowany przy użyciu ""Midjourney"" pod względem...?

Oceń w skali 1-5 (1-bardzo źle, 2-źle, 3-średnio, 4-dobrze, 5-bardzo dobrze)

OBRAZEK NR 17 [zestawień materiałowych występujących na obrazku]","[EN] 13. How would you rate image no. 17 generated using ""Midjourney"" in terms of...??

Rate on a scale of 1-5 (1-very bad, 2-bad, 3-average, 4-good, 5-very good)

IMAGE NO. 17 [material combinations in the image]","[PL] 13. Jak oceniasz obrazek nr 17 wygenerowany przy użyciu ""Midjourney"" pod względem...?

Oceń w skali 1-5 (1-bardzo źle, 2-źle, 3-średnio, 4-dobrze, 5-bardzo dobrze)

OBRAZEK NR 17 [przydatności jako inspiracji dla Twojego projektu]","[EN] 13. How would you rate image no. 17 generated using ""Midjourney"" in terms of...??

Rate on a scale of 1-5 (1-very bad, 2-bad, 3-average, 4-good, 5-very good)

IMAGE NO. 17 [usefulness as inspiration for your project]","[PL] 14. Jak oceniasz obrazek nr 18 wygenerowany przy użyciu ""Midjourney"" pod względem...?

Oceń w skali 1-5 (1-bardzo źle, 2-źle, 3-średnio, 4-dobrze, 5-bardzo dobrze)

OBRAZEK NR 18 [efektu zaskoczenia]","[EN] 14. How would you rate image no. 18 generated using ""Midjourney"" in terms of...??

Rate on a scale of 1-5 (1-very bad, 2-bad, 3-average, 4-good, 5-very good)

IMAGE NO. 18 [effect of surprise]","[PL] 14. Jak oceniasz obrazek nr 18 wygenerowany przy użyciu ""Midjourney"" pod względem...?

Oceń w skali 1-5 (1-bardzo źle, 2-źle, 3-średnio, 4-dobrze, 5-bardzo dobrze)

OBRAZEK NR 18 [innowacyjności rozwiązań]","[EN] 14. How would you rate image no. 18 generated using ""Midjourney"" in terms of...??

Rate on a scale of 1-5 (1-very bad, 2-bad, 3-average, 4-good, 5-very good)

IMAGE NO. 18 [solution innovativeness]","[PL] 14. Jak oceniasz obrazek nr 18 wygenerowany przy użyciu ""Midjourney"" pod względem...?

Oceń w skali 1-5 (1-bardzo źle, 2-źle, 3-średnio, 4-dobrze, 5-bardzo dobrze)

OBRAZEK NR 18 [jakości wizualnej]","[EN] 14. How would you rate image no. 18 generated using ""Midjourney"" in terms of...??

Rate on a scale of 1-5 (1-very bad, 2-bad, 3-average, 4-good, 5-very good)

IMAGE NO. 18 [visual quality]","[PL] 14. Jak oceniasz obrazek nr 18 wygenerowany przy użyciu ""Midjourney"" pod względem...?

Oceń w skali 1-5 (1-bardzo źle, 2-źle, 3-średnio, 4-dobrze, 5-bardzo dobrze)

OBRAZEK NR 18 [nastroju sceny/obrazka]","[EN] 14. How would you rate image no. 18 generated using ""Midjourney"" in terms of...??

Rate on a scale of 1-5 (1-very bad, 2-bad, 3-average, 4-good, 5-very good)

IMAGE NO. 18 [scene/image mood]","[PL] 14. Jak oceniasz obrazek nr 18 wygenerowany przy użyciu ""Midjourney"" pod względem...?

Oceń w skali 1-5 (1-bardzo źle, 2-źle, 3-średnio, 4-dobrze, 5-bardzo dobrze)

OBRAZEK NR 18 [kolorystyki obrazka]","[EN] 14. How would you rate image no. 18 generated using ""Midjourney"" in terms of...??

Rate on a scale of 1-5 (1-very bad, 2-bad, 3-average, 4-good, 5-very good)

IMAGE NO. 18 [image color scheme]","[PL] 14. Jak oceniasz obrazek nr 18 wygenerowany przy użyciu ""Midjourney"" pod względem...?

Oceń w skali 1-5 (1-bardzo źle, 2-źle, 3-średnio, 4-dobrze, 5-bardzo dobrze)

OBRAZEK NR 18 [zestawień materiałowych występujących na obrazku]","[EN] 14. How would you rate image no. 18 generated using ""Midjourney"" in terms of...??

Rate on a scale of 1-5 (1-very bad, 2-bad, 3-average, 4-good, 5-very good)

IMAGE NO. 18 [material combinations in the image]","[PL] 14. Jak oceniasz obrazek nr 18 wygenerowany przy użyciu ""Midjourney"" pod względem...?

Oceń w skali 1-5 (1-bardzo źle, 2-źle, 3-średnio, 4-dobrze, 5-bardzo dobrze)

OBRAZEK NR 18 [przydatności jako inspiracji dla Twojego projektu]","[EN] 14. How would you rate image no. 18 generated using ""Midjourney"" in terms of...??

Rate on a scale of 1-5 (1-very bad, 2-bad, 3-average, 4-good, 5-very good)

IMAGE NO. 18 [usefulness as inspiration for your project]","[PL] 15. Jak oceniasz obrazek nr 19 wygenerowany przy użyciu ""Midjourney"" pod względem...?

Oceń w skali 1-5 (1-bardzo źle, 2-źle, 3-średnio, 4-dobrze, 5-bardzo dobrze)

OBRAZEK NR 19 [efektu zaskoczenia]","[EN] 15. How would you rate image no. 19 generated using ""Midjourney"" in terms of...??

Rate on a scale of 1-5 (1-very bad, 2-bad, 3-average, 4-good, 5-very good)

IMAGE NO. 19 [effect of surprise]","[PL] 15. Jak oceniasz obrazek nr 19 wygenerowany przy użyciu ""Midjourney"" pod względem...?

Oceń w skali 1-5 (1-bardzo źle, 2-źle, 3-średnio, 4-dobrze, 5-bardzo dobrze)

OBRAZEK NR 19 [innowacyjności rozwiązań]","[EN] 15. How would you rate image no. 19 generated using ""Midjourney"" in terms of...??

Rate on a scale of 1-5 (1-very bad, 2-bad, 3-average, 4-good, 5-very good)

IMAGE NO. 19 [solution innovativeness]","[PL] 15. Jak oceniasz obrazek nr 19 wygenerowany przy użyciu ""Midjourney"" pod względem...?

Oceń w skali 1-5 (1-bardzo źle, 2-źle, 3-średnio, 4-dobrze, 5-bardzo dobrze)

OBRAZEK NR 19 [jakości wizualnej]","[EN] 15. How would you rate image no. 19 generated using ""Midjourney"" in terms of...??

Rate on a scale of 1-5 (1-very bad, 2-bad, 3-average, 4-good, 5-very good)

IMAGE NO. 19 [visual quality]","[PL] 15. Jak oceniasz obrazek nr 19 wygenerowany przy użyciu ""Midjourney"" pod względem...?

Oceń w skali 1-5 (1-bardzo źle, 2-źle, 3-średnio, 4-dobrze, 5-bardzo dobrze)

OBRAZEK NR 19 [nastroju sceny/obrazka]","[EN] 15. How would you rate image no. 19 generated using ""Midjourney"" in terms of...??

Rate on a scale of 1-5 (1-very bad, 2-bad, 3-average, 4-good, 5-very good)

IMAGE NO. 19 [scene/image mood]","[PL] 15. Jak oceniasz obrazek nr 19 wygenerowany przy użyciu ""Midjourney"" pod względem...?

Oceń w skali 1-5 (1-bardzo źle, 2-źle, 3-średnio, 4-dobrze, 5-bardzo dobrze)

OBRAZEK NR 19 [kolorystyki obrazka]","[EN] 15. How would you rate image no. 19 generated using ""Midjourney"" in terms of...??

Rate on a scale of 1-5 (1-very bad, 2-bad, 3-average, 4-good, 5-very good)

IMAGE NO. 19 [image color scheme]","[PL] 15. Jak oceniasz obrazek nr 19 wygenerowany przy użyciu ""Midjourney"" pod względem...?

Oceń w skali 1-5 (1-bardzo źle, 2-źle, 3-średnio, 4-dobrze, 5-bardzo dobrze)

OBRAZEK NR 19 [zestawień materiałowych występujących na obrazku]","[EN] 15. How would you rate image no. 19 generated using ""Midjourney"" in terms of...??

Rate on a scale of 1-5 (1-very bad, 2-bad, 3-average, 4-good, 5-very good)

IMAGE NO. 19 [material combinations in the image]","[PL] 15. Jak oceniasz obrazek nr 19 wygenerowany przy użyciu ""Midjourney"" pod względem...?

Oceń w skali 1-5 (1-bardzo źle, 2-źle, 3-średnio, 4-dobrze, 5-bardzo dobrze)

OBRAZEK NR 19 [przydatności jako inspiracji dla Twojego projektu]","[EN] 15. How would you rate image no. 19 generated using ""Midjourney"" in terms of...??

Rate on a scale of 1-5 (1-very bad, 2-bad, 3-average, 4-good, 5-very good)

IMAGE NO. 19 [usefulness as inspiration for your project]","[PL] 16. Jak oceniasz obrazek nr 20 wygenerowany przy użyciu ""Midjourney"" pod względem...?

Oceń w skali 1-5 (1-bardzo źle, 2-źle, 3-średnio, 4-dobrze, 5-bardzo dobrze)

OBRAZEK NR 20 [efektu zaskoczenia]","[EN] 16. How would you rate image no. 20 generated using ""Midjourney"" in terms of...??

Rate on a scale of 1-5 (1-very bad, 2-bad, 3-average, 4-good, 5-very good)

IMAGE NO. 20 [effect of surprise]","[PL] 16. Jak oceniasz obrazek nr 20 wygenerowany przy użyciu ""Midjourney"" pod względem...?

Oceń w skali 1-5 (1-bardzo źle, 2-źle, 3-średnio, 4-dobrze, 5-bardzo dobrze)

OBRAZEK NR 20 [innowacyjności rozwiązań]","[EN] 16. How would you rate image no. 20 generated using ""Midjourney"" in terms of...??

Rate on a scale of 1-5 (1-very bad, 2-bad, 3-average, 4-good, 5-very good)

IMAGE NO. 20 [solution innovativeness]","[PL] 16. Jak oceniasz obrazek nr 20 wygenerowany przy użyciu ""Midjourney"" pod względem...?

Oceń w skali 1-5 (1-bardzo źle, 2-źle, 3-średnio, 4-dobrze, 5-bardzo dobrze)

OBRAZEK NR 20 [jakości wizualnej]","[EN] 16. How would you rate image no. 20 generated using ""Midjourney"" in terms of...??

Rate on a scale of 1-5 (1-very bad, 2-bad, 3-average, 4-good, 5-very good)

IMAGE NO. 20 [visual quality]","[PL] 16. Jak oceniasz obrazek nr 20 wygenerowany przy użyciu ""Midjourney"" pod względem...?

Oceń w skali 1-5 (1-bardzo źle, 2-źle, 3-średnio, 4-dobrze, 5-bardzo dobrze)

OBRAZEK NR 20 [nastroju sceny/obrazka]","[EN] 16. How would you rate image no. 20 generated using ""Midjourney"" in terms of...??

Rate on a scale of 1-5 (1-very bad, 2-bad, 3-average, 4-good, 5-very good)

IMAGE NO. 20 [scene/image mood]","[PL] 16. Jak oceniasz obrazek nr 20 wygenerowany przy użyciu ""Midjourney"" pod względem...?

Oceń w skali 1-5 (1-bardzo źle, 2-źle, 3-średnio, 4-dobrze, 5-bardzo dobrze)

OBRAZEK NR 20 [kolorystyki obrazka]","[EN] 16. How would you rate image no. 20 generated using ""Midjourney"" in terms of...??

Rate on a scale of 1-5 (1-very bad, 2-bad, 3-average, 4-good, 5-very good)

IMAGE NO. 20 [image color scheme]","[PL] 16. Jak oceniasz obrazek nr 20 wygenerowany przy użyciu ""Midjourney"" pod względem...?

Oceń w skali 1-5 (1-bardzo źle, 2-źle, 3-średnio, 4-dobrze, 5-bardzo dobrze)

OBRAZEK NR 20 [zestawień materiałowych występujących na obrazku]","[EN] 16. How would you rate image no. 20 generated using ""Midjourney"" in terms of...??

Rate on a scale of 1-5 (1-very bad, 2-bad, 3-average, 4-good, 5-very good)

IMAGE NO. 20 [material combinations in the image]","[PL] 16. Jak oceniasz obrazek nr 20 wygenerowany przy użyciu ""Midjourney"" pod względem...?

Oceń w skali 1-5 (1-bardzo źle, 2-źle, 3-średnio, 4-dobrze, 5-bardzo dobrze)

OBRAZEK NR 20 [przydatności jako inspiracji dla Twojego projektu]","[EN] 16. How would you rate image no. 20 generated using ""Midjourney"" in terms of...??

Rate on a scale of 1-5 (1-very bad, 2-bad, 3-average, 4-good, 5-very good)

IMAGE NO. 20 [usefulness as inspiration for your project]","[PL] 17. Czy którakolwiek z grafik wygenerowanych przez ""Midjourney"" zwróciła uwagę na aspekty projektu, o których wcześniej nie myślałaś/ nie myślałeś?","[EN] 17. Did any of the graphics generated by ""Midjourney"" bring to mind aspects of the project that you hadn't considered before?","[PL] 18. Jeśli tak, podaj na jaki aspekt zwróciłaś/ zwróciłeś uwagę?","[EN] 18. If so, what aspect did you pay attention to?","[PL] 19. Jak oceniasz łatwość generowania satysfakcjonujących obrazów przy użyciu ""Midjourney""?

Oceń w skali 1–5 (1-bardzo trudno, 2-trudno, 3-średnio, 4-łatwo, 5-bardzo łatwo)","[EN] 19. How easy would you rate the ease of generating satisfying images using ""Midjourney""?

Rate on a scale of 1-5 (1-very difficult, 2-difficult, 3-medium, 4-easy, 5-very easy)","[PL] 20. Czy w przyszłości skorzystasz z narzędzia ""Midjourney"" poszukując inspiracji w pracy projektowej?","[EN] 20. Will you use the ""Midjourney"" tool in the future to look for inspiration in your design work?","[PL] 21. Prosimy o porównanie dwóch grup obrazków: pierwszej z obrazkami znalezionymi samodzielnie (numerowane od 1 do 10) oraz drugiej wygenerowanej przez ""Midjourney"" (numerowane od 11 do 20). Która grupa, według Twojej oceny, była bardziej inspirująca pod względem pobudzania kreatywności?

Oceń (1-zdecydowanie obrazki znalezione samodzielnie, 5-oceniam je tak samo, 9-zdecydowanie obrazki wygenerowane przy użyciu ""Midjourney"")","[EN] 21. Please compare two groups of images: the first with images found by yourself (numbered 1 to 10) and the second generated by ""Midjourney"" (numbered 11 to 20). Which group, in your opinion, was more inspiring in terms of stimulating creativity?

Rate (1-definitely images found by yourself, 5-I rate them the same, 9-definitely images generated using ""Midjourney"")","[PL] 22. Oceń, który z obrazów (spośród wszystkich zgromadzonych) najbardziej pobudził Twoją kreatywność? 
(w odpowiedzi wpisz numer obrazka)","[EN] 22. Rate which of the images (out of all those collected) stimulated your creativity the most?

(enter the image number in the answer)","[PL] 23. Miejsce na dodatkowe komentarze/ uwagi:","[EN] 23. Additional comments:"
"2024/03/19 5:19:47 PM EET","2024/03/19 5:19:47 PM EET","1B","1B","Pinterest;Wyszukiwarka Google","Pinterest;Google search","Nigdy wcześniej","Never before","Mniej niż 10","Less than 10","Zabrakło mi czasu na wygenerowanie większej liczby obrazków.","Ran out of time","5","5","2","2","3","3","5","5","4.0","4.0","4","4","3","3","4.0","4.0","4.0","4.0","3.0","3.0","4.0","4.0","4.0","4.0","3.0","3.0","3.0","3.0","5.0","5.0","3.0","3.0","2.0","2.0","1.0","1.0","2.0","2.0","3.0","3.0","3.0","3.0","5.0","5.0","5.0","5.0","4.0","4.0","4.0","4.0","5.0","5.0","3.0","3.0","4.0","4.0","5.0","5.0","4.0","4.0","5.0","5.0","5.0","5.0","5.0","5.0","4.0","4.0","4.0","4.0","4.0","4.0","4.0","4.0","4.0","4.0","5.0","5.0","5.0","5.0","5.0","5.0","4.0","4.0","3.0","3.0","4.0","4.0","3.0","3.0","3.0","3.0","3.0","3.0","4.0","4.0","3.0","3.0","3.0","3.0","3.0","3.0","3.0","3.0","2.0","2.0","2.0","2.0","2.0","2.0","2.0","2.0","","","","","","","","","","","","","","","","","","","","","","","","","","","","","Tak, więcej niż jedna grafika zwróciły moją uwagę na nowy aspekt w projekcie","Yes, more than one graphic drew my attention to a new aspect in the project","Kształt i materiał siedzisk, rozmieszczenie poręczy, oświetlenie, okna","The shape and material of the seats, the arrangement of the handrails, the lighting, the windows","4","4","Raczej tak","Rather yes","6","6","14","14","Bardzo ciekawe narzędzie","A very interesting tool"
"2024/03/20 5:39:20 PM EET","2024/03/20 5:39:20 PM EET","7A","7A","Pinterest;Instagram;Behance;Wyszukiwarka Google","Pinterest;Instagram;Behance;Google search","Tak, kilkukrotnie","Yes, a couple of times","10","10","","","4","4","2","2","4","4","5","5","3.0","3.0","5","5","5","5","3.0","3.0","4.0","4.0","4.0","4.0","5.0","5.0","3.0","3.0","4.0","4.0","5.0","5.0","3.0","3.0","4.0","4.0","4.0","4.0","5.0","5.0","2.0","2.0","4.0","4.0","4.0","4.0","3.0","3.0","2.0","2.0","4.0","4.0","5.0","5.0","2.0","2.0","4.0","4.0","5.0","5.0","3.0","3.0","4.0","4.0","4.0","4.0","5.0","5.0","2.0","2.0","5.0","5.0","4.0","4.0","3.0","3.0","2.0","2.0","4.0","4.0","2.0","2.0","2.0","2.0","4.0","4.0","3.0","3.0","5.0","5.0","5.0","5.0","4.0","4.0","2.0","2.0","2.0","2.0","5.0","5.0","5.0","5.0","3.0","3.0","2.0","2.0","4.0","4.0","5.0","5.0","2.0","2.0","2.0","2.0","4.0","4.0","3.0","3.0","4.0","4.0","4.0","4.0","2.0","2.0","2.0","2.0","4.0","4.0","4.0","4.0","3.0","3.0","3.0","3.0","4.0","4.0","2.0","2.0","2.0","2.0","3.0","3.0","4.0","4.0","Tak, więcej niż jedna grafika zwróciły moją uwagę na nowy aspekt w projekcie","Yes, more than one graphic drew my attention to a new aspect in the project","Przedzielenie pomiędzy siedzeniami, przeszklenia na łuku, kanapa na końcu z rurą","Partition between seats, glazing on the arc, sofa at the end with a pipe","4","4","Raczej tak","Rather yes","5","5","12","12","",""
"2024/03/27 5:23:07 PM EET","2024/03/27 5:23:07 PM EET","2A","2A","Pinterest;Instagram;Behance;Wyszukiwarka Google","Pinterest;Instagram;Behance;Google search","Tak, kilkukrotnie","Yes, a couple of times","Mniej niż 10","Less than 10","Wygenerowane obrazki nie były satysfakcjonujące, dlatego ich nie zapisałam/ zapisałem.","Images were not satisfying","4","4","3","3","4","4","5","5","5.0","5.0","5","5","4","4","4.0","4.0","4.0","4.0","4.0","4.0","3.0","3.0","5.0","5.0","4.0","4.0","5.0","5.0","4.0","4.0","4.0","4.0","5.0","5.0","5.0","5.0","5.0","5.0","5.0","5.0","4.0","4.0","3.0","3.0","3.0","3.0","4.0","4.0","4.0","4.0","5.0","5.0","5.0","5.0","5.0","5.0","5.0","5.0","4.0","4.0","5.0","5.0","5.0","5.0","5.0","5.0","5.0","5.0","5.0","5.0","4.0","4.0","5.0","5.0","5.0","5.0","5.0","5.0","5.0","5.0","5.0","5.0","5.0","5.0","","","","","","","","","","","","","","","","","","","","","","","","","","","","","","","","","","","","","","","","","","","","","","","","","","","","","","","","","Nie, żadna grafika nie zwróciła mojej uwagi na nowy aspekt w projekcie","No, no graphic drew my attention to a new aspect in the project","","","5","5","Raczej tak","Rather yes","5","5","16","16","",""
"2024/03/27 5:23:51 PM EET","2024/03/27 5:23:51 PM EET","4A","4A","Pinterest","Pinterest","Nigdy wcześniej","Never before","Mniej niż 10","Less than 10","Wygenerowane obrazki nie były satysfakcjonujące, dlatego ich nie zapisałam/ zapisałem.","Images were not satisfying","2","2","1","1","3","3","3","3","3.0","3.0","2","2","2","2","3.0","3.0","3.0","3.0","3.0","3.0","4.0","4.0","5.0","5.0","4.0","4.0","3.0","3.0","5.0","5.0","4.0","4.0","5.0","5.0","3.0","3.0","4.0","4.0","5.0","5.0","4.0","4.0","4.0","4.0","4.0","4.0","3.0","3.0","4.0","4.0","3.0","3.0","4.0","4.0","5.0","5.0","3.0","3.0","2.0","2.0","3.0","3.0","2.0","2.0","4.0","4.0","5.0","5.0","3.0","3.0","","","","","","","","","","","","","","","","","","","","","","","","","","","","","","","","","","","","","","","","","","","","","","","","","","","","","","","","","","","","","","","","","","","","","","","Tak, tylko jedna grafika zwróciła moją uwagę na nowy aspekt w projekcie","Yes, only one graphic drew my attention to a new aspect in the project","Na układ wnętrza ","On the interior layout","4","4","Raczej tak","Rather yes","8","8","14","14","",""
"2024/03/29 5:35:46 PM EET","2024/03/29 5:35:46 PM EET","2B","2B","Pinterest;Instagram;Wyszukiwarka Google","Pinterest;Instagram;Google search","Tak, kilkukrotnie","Yes, a couple of times","Mniej niż 10","Less than 10","Zabrakło mi czasu na wygenerowanie większej liczby obrazków.","Ran out of time","3","3","3","3","4","4","3","3","3.0","3.0","3","3","3","3","3.0","3.0","3.0","3.0","4.0","4.0","4.0","4.0","3.0","3.0","4.0","4.0","3.0","3.0","3.0","3.0","4.0","4.0","4.0","4.0","4.0","4.0","5.0","5.0","4.0","4.0","4.0","4.0","5.0","5.0","4.0","4.0","5.0","5.0","5.0","5.0","5.0","5.0","5.0","5.0","5.0","5.0","5.0","5.0","4.0","4.0","4.0","4.0","4.0","4.0","4.0","4.0","4.0","4.0","4.0","4.0","4.0","4.0","4.0","4.0","4.0","4.0","5.0","5.0","5.0","5.0","4.0","4.0","3.0","3.0","5.0","5.0","4.0","4.0","5.0","5.0","5.0","5.0","5.0","5.0","5.0","5.0","4.0","4.0","4.0","4.0","5.0","5.0","5.0","5.0","5.0","5.0","5.0","5.0","5.0","5.0","4.0","4.0","","","","","","","","","","","","","","","","","","","","","","","","","","","","","Tak, więcej niż jedna grafika zwróciły moją uwagę na nowy aspekt w projekcie","Yes, more than one graphic drew my attention to a new aspect in the project","ciekawe kształty tramwaju, oświetlenie","interesting shapes of the tram, lighting","4","4","Raczej tak","Rather yes","5","5","14","14","",""
"2024/04/06 2:41:31 PM EET","2024/04/06 2:41:31 PM EET","7C","7C","Pinterest","Pinterest","Tak, kilkukrotnie","Yes, a couple of times","10","10","","","1","1","1","1","2","2","3","3","3.0","3.0","3","3","2","2","1.0","1.0","1.0","1.0","2.0","2.0","3.0","3.0","3.0","3.0","3.0","3.0","2.0","2.0","2.0","2.0","2.0","2.0","2.0","2.0","3.0","3.0","3.0","3.0","2.0","2.0","2.0","2.0","3.0","3.0","3.0","3.0","2.0","2.0","2.0","2.0","3.0","3.0","3.0","3.0","3.0","3.0","3.0","3.0","3.0","3.0","2.0","2.0","3.0","3.0","3.0","3.0","3.0","3.0","3.0","3.0","3.0","3.0","3.0","3.0","2.0","2.0","2.0","2.0","3.0","3.0","3.0","3.0","3.0","3.0","","","","","","","","","","","","","","","","","","","","","","","","","","","","","","","","","","","","","","","","","","","","","","","","","","","","","","","","","Tak, więcej niż jedna grafika zwróciły moją uwagę na nowy aspekt w projekcie","Yes, more than one graphic drew my attention to a new aspect in the project","Płynność lini, ciekawe formy siedzisk ","Fluid lines, interesting seat shapes","5","5","Raczej tak","Rather yes","4","4","15","15","",""
"2024/04/14 7:29:21 PM EET","2024/04/14 7:29:21 PM EET","5A","5A","Pinterest","Pinterest","Nigdy wcześniej","Never before","Mniej niż 10","Less than 10","Wygenerowane obrazki nie były satysfakcjonujące, dlatego ich nie zapisałam/ zapisałem.","Images were not satisfying","3","3","3","3","5","5","3","3","4.0","4.0","4","4","3","3","4.0","4.0","3.0","3.0","5.0","5.0","4.0","4.0","4.0","4.0","3.0","3.0","3.0","3.0","3.0","3.0","3.0","3.0","5.0","5.0","5.0","5.0","5.0","5.0","3.0","3.0","3.0","3.0","4.0","4.0","4.0","4.0","5.0","5.0","5.0","5.0","4.0","4.0","4.0","4.0","4.0","4.0","3.0","3.0","3.0","3.0","5.0","5.0","3.0","3.0","3.0","3.0","4.0","4.0","3.0","3.0","4.0","4.0","4.0","4.0","5.0","5.0","4.0","4.0","4.0","4.0","4.0","4.0","4.0","4.0","3.0","3.0","3.0","3.0","5.0","5.0","3.0","3.0","3.0","3.0","3.0","3.0","3.0","3.0","4.0","4.0","3.0","3.0","5.0","5.0","4.0","4.0","4.0","4.0","4.0","4.0","4.0","4.0","","","","","","","","","","","","","","","","","","","","","","","","","","","","","Nie, żadna grafika nie zwróciła mojej uwagi na nowy aspekt w projekcie","No, no graphic drew my attention to a new aspect in the project","","","3","3","Raczej nie","Rather no","4","4","9","9","",""
"2024/04/17 12:17:25 PM EET","2024/04/17 12:17:25 PM EET","3A","3A","Pinterest;Behance;Midjourney","Pinterest;Behance;Midjourney","Tak, kilkukrotnie","Yes, a couple of times","Więcej niż 10","More than 10","","","5","5","3","3","4","4","4","4","5.0","5.0","5","5","5","5","3.0","3.0","4.0","4.0","4.0","4.0","4.0","4.0","5.0","5.0","4.0","4.0","4.0","4.0","3.0","3.0","3.0","3.0","3.0","3.0","3.0","3.0","5.0","5.0","4.0","4.0","3.0","3.0","5.0","5.0","5.0","5.0","5.0","5.0","5.0","5.0","5.0","5.0","5.0","5.0","5.0","5.0","3.0","3.0","2.0","2.0","4.0","4.0","4.0","4.0","5.0","5.0","4.0","4.0","3.0","3.0","5.0","5.0","3.0","3.0","5.0","5.0","5.0","5.0","5.0","5.0","5.0","5.0","5.0","5.0","3.0","3.0","3.0","3.0","4.0","4.0","4.0","4.0","5.0","5.0","4.0","4.0","3.0","3.0","5.0","5.0","5.0","5.0","5.0","5.0","5.0","5.0","5.0","5.0","5.0","5.0","5.0","5.0","5.0","5.0","5.0","5.0","5.0","5.0","5.0","5.0","5.0","5.0","5.0","5.0","5.0","5.0","5.0","5.0","5.0","5.0","5.0","5.0","5.0","5.0","5.0","5.0","5.0","5.0","5.0","5.0","Tak, tylko jedna grafika zwróciła moją uwagę na nowy aspekt w projekcie","Yes, only one graphic drew my attention to a new aspect in the project","rodzaj oświetlenia","type of lighting","5","5","Zdecydowanie tak","Definitely yes","9","9","11, 14","11, 14","",""
"2024/04/17 4:01:34 PM EET","2024/04/17 4:01:34 PM EET","5B","5B","Pinterest;Instagram","Pinterest;Instagram","Nigdy wcześniej","Never before","Mniej niż 10","Less than 10","Zabrakło mi czasu na wygenerowanie większej liczby obrazków.","Ran out of time","2","2","2","2","2","2","2","2","1.0","1.0","3","3","1","1","2.0","2.0","3.0","3.0","4.0","4.0","3.0","3.0","3.0","3.0","3.0","3.0","2.0","2.0","2.0","2.0","2.0","2.0","3.0","3.0","3.0","3.0","3.0","3.0","2.0","2.0","2.0","2.0","2.0","2.0","2.0","2.0","2.0","2.0","1.0","1.0","2.0","2.0","3.0","3.0","1.0","1.0","2.0","2.0","2.0","2.0","1.0","1.0","1.0","1.0","1.0","1.0","2.0","2.0","1.0","1.0","3.0","3.0","3.0","3.0","5.0","5.0","4.0","4.0","4.0","4.0","4.0","4.0","5.0","5.0","2.0","2.0","2.0","2.0","3.0","3.0","3.0","3.0","3.0","3.0","3.0","3.0","3.0","3.0","","","","","","","","","","","","","","","","","","","","","","","","","","","","","","","","","","","","","","","","","","","Tak, tylko jedna grafika zwróciła moją uwagę na nowy aspekt w projekcie","Yes, only one graphic drew my attention to a new aspect in the project","oświetlenie ","lighting","4","4","Nie wiem","I don't know","1","1","2","2","",""
"2024/04/17 4:10:45 PM EET","2024/04/17 4:10:45 PM EET","","","Pinterest;Instagram","Pinterest;Instagram","Nie korzystałam/ korzystałem, ale słyszałam/ słyszałem o jego istnieniu","Never used, but heard about it","Mniej niż 10","Less than 10","Wygenerowane obrazki nie były satysfakcjonujące, dlatego ich nie zapisałam/ zapisałem.","Images were not satisfying","5","5","3","3","5","5","3","3","4.0","4.0","2","2","4","4","","","","","","","","","","","","","","","","","","","","","","","","","","","","","","","","","","","","","","","","","","","","","","","","","","","","","","","","","","","","","","","","","","","","","","","","","","","","","","","","","","","","","","","","","","","","","","","","","","","","","","","","","","","","","","","","","","","","","","","","","","","","","","","Tak, więcej niż jedna grafika zwróciły moją uwagę na nowy aspekt w projekcie","Yes, more than one graphic drew my attention to a new aspect in the project","forma siedzisk","seat form","3","3","Nie wiem","I don't know","6","6","11","11","obrazy generowane przez Midjourney były bardzo dosłowne, tworzone na tej samej bazie różniły się pojedynczymi detalami","the images generated by Midjourney were very literal, created on the same basis, differing in individual details"
"2024/04/23 2:00:09 PM EET","2024/04/23 2:00:09 PM EET","20B","20B","Pinterest;Instagram;gazeta","Pinterest;Instagram;Newspaper","Nigdy wcześniej","Never before","Mniej niż 10","Less than 10","Te, które znalazłam/ znalazłem były w pełni satysfakcjonujące, dlatego nie generowałam/ generowałem ich więcej.","The ones I generated were satisfying enough","4","4","2","2","2","2","2","2","4.0","4.0","3","3","3","3","5.0","5.0","5.0","5.0","4.0","4.0","4.0","4.0","4.0","4.0","3.0","3.0","3.0","3.0","4.0","4.0","2.0","2.0","3.0","3.0","4.0","4.0","4.0","4.0","3.0","3.0","2.0","2.0","4.0","4.0","5.0","5.0","4.0","4.0","4.0","4.0","5.0","5.0","4.0","4.0","4.0","4.0","5.0","5.0","5.0","5.0","5.0","5.0","4.0","4.0","4.0","4.0","4.0","4.0","4.0","4.0","2.0","2.0","2.0","2.0","2.0","2.0","2.0","2.0","2.0","2.0","2.0","2.0","2.0","2.0","4.0","4.0","4.0","4.0","4.0","4.0","4.0","4.0","4.0","4.0","3.0","3.0","4.0","4.0","4.0","4.0","3.0","3.0","4.0","4.0","4.0","4.0","4.0","4.0","3.0","3.0","4.0","4.0","","","","","","","","","","","","","","","","","","","","","","","","","","","","","Tak, więcej niż jedna grafika zwróciły moją uwagę na nowy aspekt w projekcie","Yes, more than one graphic drew my attention to a new aspect in the project","oświetlenie, ułożenie siedzisk, atmosfera ","lighting, seating arrangement, atmosphere","5","5","Zdecydowanie tak","Definitely yes","9","9","12","12","",""
"2024/04/23 2:31:07 PM EET","2024/04/23 2:31:07 PM EET","20A","20A","Pinterest;Instagram;Wyszukiwarka Google","Pinterest;Instagram;Google search","Tak, ale tylko raz","Yes, but only once","Mniej niż 10","Less than 10","Zabrakło mi czasu na wygenerowanie większej liczby obrazków.","Ran out of time","5","5","5","5","5","5","5","5","5.0","5.0","5","5","5","5","3.0","3.0","4.0","4.0","","","4.0","4.0","4.0","4.0","4.0","4.0","3.0","3.0","4.0","4.0","3.0","3.0","4.0","4.0","4.0","4.0","4.0","4.0","3.0","3.0","3.0","3.0","3.0","3.0","3.0","3.0","3.0","3.0","2.0","2.0","3.0","3.0","2.0","2.0","2.0","2.0","4.0","4.0","3.0","3.0","4.0","4.0","3.0","3.0","4.0","4.0","3.0","3.0","4.0","4.0","5.0","5.0","3.0","3.0","5.0","5.0","4.0","4.0","5.0","5.0","3.0","3.0","3.0","3.0","5.0","5.0","4.0","4.0","3.0","3.0","4.0","4.0","5.0","5.0","4.0","4.0","3.0","3.0","3.0","3.0","3.0","3.0","3.0","3.0","3.0","3.0","3.0","3.0","3.0","3.0","3.0","3.0","2.0","2.0","2.0","2.0","2.0","2.0","2.0","2.0","2.0","2.0","2.0","2.0","2.0","2.0","","","","","","","","","","","","","","","Tak, więcej niż jedna grafika zwróciły moją uwagę na nowy aspekt w projekcie","Yes, more than one graphic drew my attention to a new aspect in the project","drzwi, które są wsunięte do wewnątrz i siedziska","doors that are pushed inwards and the seats","5","5","Raczej tak","Rather yes","9","9","11","11","",""
"2024/05/06 3:38:04 PM EEST","2024/05/06 3:38:04 PM EEST","17B","17B","Pinterest;Instagram","Pinterest;Instagram","Nigdy wcześniej","Never before","Więcej niż 10","More than 10","","","3","3","2","2","5","5","3","3","3.0","3.0","3","3","2","2","3.0","3.0","4.0","4.0","5.0","5.0","3.0","3.0","3.0","3.0","3.0","3.0","3.0","3.0","3.0","3.0","3.0","3.0","5.0","5.0","3.0","3.0","3.0","3.0","3.0","3.0","2.0","2.0","5.0","5.0","5.0","5.0","5.0","5.0","4.0","4.0","4.0","4.0","4.0","4.0","4.0","4.0","4.0","4.0","4.0","4.0","5.0","5.0","4.0","4.0","4.0","4.0","3.0","3.0","4.0","4.0","4.0","4.0","4.0","4.0","5.0","5.0","4.0","4.0","4.0","4.0","3.0","3.0","3.0","3.0","4.0","4.0","5.0","5.0","5.0","5.0","4.0","4.0","4.0","4.0","3.0","3.0","3.0","3.0","5.0","5.0","5.0","5.0","5.0","5.0","5.0","5.0","5.0","5.0","5.0","5.0","5.0","5.0","2.0","2.0","2.0","2.0","4.0","4.0","2.0","2.0","2.0","2.0","2.0","2.0","2.0","2.0","3.0","3.0","2.0","2.0","5.0","5.0","3.0","3.0","2.0","2.0","2.0","2.0","2.0","2.0","Tak, więcej niż jedna grafika zwróciły moją uwagę na nowy aspekt w projekcie","Yes, more than one graphic drew my attention to a new aspect in the project","NIetypowe, futurystyczne rozwiązania wnętrza","Unusual, futuristic interior solutions","5","5","Nie wiem","I don't know","7","7","18","18","",""
"2024/05/08 8:00:08 PM EEST","2024/05/08 8:00:08 PM EEST","15A","15A","Pinterest;Instagram;tiktok","Pinterest;Instagram;TikTok","Nie korzystałam/ korzystałem, ale słyszałam/ słyszałem o jego istnieniu","Never used, but heard about it","Mniej niż 10","Less than 10","Te, które znalazłam/ znalazłem były w pełni satysfakcjonujące, dlatego nie generowałam/ generowałem ich więcej.","The ones I generated were satisfying enough","3","3","2","2","4","4","4","4","2.0","2.0","4","4","3","3","2.0","2.0","3.0","3.0","3.0","3.0","2.0","2.0","2.0","2.0","3.0","3.0","3.0","3.0","4.0","4.0","3.0","3.0","3.0","3.0","3.0","3.0","3.0","3.0","4.0","4.0","3.0","3.0","4.0","4.0","3.0","3.0","4.0","4.0","3.0","3.0","3.0","3.0","3.0","3.0","3.0","3.0","3.0","3.0","4.0","4.0","3.0","3.0","3.0","3.0","4.0","4.0","4.0","4.0","3.0","3.0","3.0","3.0","3.0","3.0","2.0","2.0","3.0","3.0","3.0","3.0","2.0","2.0","3.0","3.0","","","","","","","","","","","","","","","","","","","","","","","","","","","","","","","","","","","","","","","","","","","","","","","","","","","","","","","","","Tak, tylko jedna grafika zwróciła moją uwagę na nowy aspekt w projekcie","Yes, only one graphic drew my attention to a new aspect in the project","uklad drzwi oraz okien","door and window layout","5","5","Zdecydowanie tak","Definitely yes","6","6","chyba nr 13","I think no. 13","",""
"2024/05/08 8:01:33 PM EEST","2024/05/08 8:01:33 PM EEST","15B","15B","Pinterest;Wyszukiwarka Google","Pinterest;Google search","Nigdy wcześniej","Never before","Mniej niż 10","Less than 10","Wygenerowane obrazki nie były satysfakcjonujące, dlatego ich nie zapisałam/ zapisałem.","Images were not satisfying","4","4","4","4","3","3","4","4","2.0","2.0","1","1","4","4","3.0","3.0","3.0","3.0","3.0","3.0","2.0","2.0","1.0","1.0","1.0","1.0","2.0","2.0","3.0","3.0","2.0","2.0","3.0","3.0","1.0","1.0","1.0","1.0","1.0","1.0","1.0","1.0","4.0","4.0","4.0","4.0","5.0","5.0","3.0","3.0","3.0","3.0","3.0","3.0","2.0","2.0","2.0","2.0","2.0","2.0","3.0","3.0","2.0","2.0","1.0","1.0","1.0","1.0","1.0","1.0","4.0","4.0","4.0","4.0","2.0","2.0","4.0","4.0","3.0","3.0","2.0","2.0","4.0","4.0","","","","","","","","","","","","","","","","","","","","","","","","","","","","","","","","","","","","","","","","","","","","","","","","","","","","","","","","","Tak, więcej niż jedna grafika zwróciły moją uwagę na nowy aspekt w projekcie","Yes, more than one graphic drew my attention to a new aspect in the project","","","4","4","Nie wiem","I don't know","6","6","16","16","",""
"2024/05/14 10:17:56 AM EEST","2024/05/14 10:17:56 AM EEST","17A","17A","Pinterest;Instagram;Wyszukiwarka Google;darmowe boty i narzędzia AI","Pinterest;Instagram;Google search;Free AI tools and bots","Nigdy wcześniej","Never before","Mniej niż 10","Less than 10","Te, które znalazłam/ znalazłem były w pełni satysfakcjonujące, dlatego nie generowałam/ generowałem ich więcej.","The ones I generated were satisfying enough","3","3","3","3","5","5","4","4","3.0","3.0","3","3","2","2","3.0","3.0","3.0","3.0","5.0","5.0","3.0","3.0","2.0","2.0","3.0","3.0","2.0","2.0","4.0","4.0","5.0","5.0","4.0","4.0","3.0","3.0","3.0","3.0","4.0","4.0","4.0","4.0","","","","","","","","","","","","","","","","","","","","","","","","","","","","","","","","","","","","","","","","","","","","","","","","","","","","","","","","","","","","","","","","","","","","","","","","","","","","","","","","","","","","","","","","","","","","","","","","","","","Tak, tylko jedna grafika zwróciła moją uwagę na nowy aspekt w projekcie","Yes, only one graphic drew my attention to a new aspect in the project","ciekawe rozwiązanie niespotykane w obecnie istniejących tramwajach - pozostałe grafiki przypominały bardzo mocno współczesne tramwaje","an interesting solution not seen in currently existing trams - the remaining graphics were very similar to modern trams","3","3","Raczej tak","Rather yes","6","6","2, 5, 7, 13","2, 5, 7, 13","",""
"2024/06/04 5:32:05 PM EEST","2024/06/04 5:32:05 PM EEST","14A","14A","Pinterest;Behance","Pinterest;Behance","Nigdy wcześniej","Never before","10","10","","","3","3","4","4","2","2","4","4","4.0","4.0","4","4","2","2","3.0","3.0","3.0","3.0","3.0","3.0","","","4.0","4.0","5.0","5.0","3.0","3.0","3.0","3.0","3.0","3.0","4.0","4.0","3.0","3.0","4.0","4.0","5.0","5.0","4.0","4.0","2.0","2.0","3.0","3.0","1.0","1.0","2.0","2.0","2.0","2.0","2.0","2.0","3.0","3.0","3.0","3.0","4.0","4.0","4.0","4.0","3.0","3.0","4.0","4.0","3.0","3.0","2.0","2.0","4.0","4.0","4.0","4.0","4.0","4.0","3.0","3.0","5.0","5.0","4.0","4.0","4.0","4.0","4.0","4.0","5.0","5.0","4.0","4.0","5.0","5.0","5.0","5.0","4.0","4.0","3.0","3.0","3.0","3.0","4.0","4.0","5.0","5.0","4.0","4.0","4.0","4.0","3.0","3.0","4.0","4.0","5.0","5.0","4.0","4.0","3.0","3.0","4.0","4.0","3.0","3.0","4.0","4.0","4.0","4.0","3.0","3.0","3.0","3.0","4.0","4.0","5.0","5.0","4.0","4.0","3.0","3.0","4.0","4.0","Tak, tylko jedna grafika zwróciła moją uwagę na nowy aspekt w projekcie","Yes, only one graphic drew my attention to a new aspect in the project","aspekt mocnego oświetlenia nocnego ","aspect of strong night lighting","5","5","Raczej tak","Rather yes","5","5","12","12","",""
"2024/06/04 8:29:23 PM EEST","2024/06/04 8:29:23 PM EEST","4B","4B","Pinterest","Pinterest","Nigdy wcześniej","Never before","10","10","","","2","2","2","2","2","2","2","2","1.0","1.0","1","1","1","1","3.0","3.0","2.0","2.0","3.0","3.0","2.0","2.0","1.0","1.0","2.0","2.0","2.0","2.0","2.0","2.0","1.0","1.0","1.0","1.0","1.0","1.0","1.0","1.0","1.0","1.0","2.0","2.0","3.0","3.0","3.0","3.0","3.0","3.0","2.0","2.0","1.0","1.0","3.0","3.0","2.0","2.0","4.0","4.0","2.0","2.0","3.0","3.0","3.0","3.0","3.0","3.0","3.0","3.0","3.0","3.0","5.0","5.0","4.0","4.0","5.0","5.0","4.0","4.0","5.0","5.0","3.0","3.0","4.0","4.0","5.0","5.0","2.0","2.0","4.0","4.0","4.0","4.0","5.0","5.0","3.0","3.0","3.0","3.0","4.0","4.0","1.0","1.0","4.0","4.0","4.0","4.0","4.0","4.0","2.0","2.0","3.0","3.0","3.0","3.0","1.0","1.0","4.0","4.0","4.0","4.0","4.0","4.0","2.0","2.0","3.0","3.0","5.0","5.0","5.0","5.0","5.0","5.0","5.0","5.0","5.0","5.0","5.0","5.0","5.0","5.0","Tak, tylko jedna grafika zwróciła moją uwagę na nowy aspekt w projekcie","Yes, only one graphic drew my attention to a new aspect in the project","Nie brałam pod uwagę aż tak kosmicznej wersji","I didn't consider such a cosmic version","3","3","Nie wiem","I don't know","3","3","5","5","",""
"2024/06/04 10:16:35 PM EEST","2024/06/04 10:16:35 PM EEST","21A","21A","Pinterest;Behance","Pinterest;Behance","Nie korzystałam/ korzystałem, ale słyszałam/ słyszałem o jego istnieniu","Never used, but heard about it","10","10","","","4","4","4","4","5","5","5","5","5.0","5.0","5","5","5","5","5.0","5.0","4.0","4.0","5.0","5.0","4.0","4.0","4.0","4.0","4.0","4.0","3.0","3.0","4.0","4.0","5.0","5.0","5.0","5.0","4.0","4.0","4.0","4.0","5.0","5.0","3.0","3.0","3.0","3.0","3.0","3.0","5.0","5.0","4.0","4.0","3.0","3.0","3.0","3.0","3.0","3.0","3.0","3.0","3.0","3.0","4.0","4.0","4.0","4.0","3.0","3.0","4.0","4.0","3.0","3.0","4.0","4.0","3.0","3.0","5.0","5.0","3.0","3.0","3.0","3.0","4.0","4.0","2.0","2.0","4.0","4.0","5.0","5.0","5.0","5.0","4.0","4.0","3.0","3.0","4.0","4.0","4.0","4.0","5.0","5.0","5.0","5.0","5.0","5.0","5.0","5.0","4.0","4.0","4.0","4.0","3.0","3.0","4.0","4.0","3.0","3.0","4.0","4.0","4.0","4.0","4.0","4.0","4.0","4.0","4.0","4.0","3.0","3.0","3.0","3.0","4.0","4.0","4.0","4.0","3.0","3.0","4.0","4.0","4.0","4.0","Tak, więcej niż jedna grafika zwróciły moją uwagę na nowy aspekt w projekcie","Yes, more than one graphic drew my attention to a new aspect in the project","okna, sufit, siedziska","windows, ceiling, seats","4","4","Raczej tak","Rather yes","8","8","17","17","",""
"2024/06/04 11:47:45 PM EEST","2024/06/04 11:47:45 PM EEST","9A","9A","Pinterest;Instagram;Wyszukiwarka Google","Pinterest;Instagram;Google search","Nigdy wcześniej","Never before","10","10","","","5","5","4","4","4","4","4","4","5.0","5.0","4","4","5","5","3.0","3.0","4.0","4.0","4.0","4.0","4.0","4.0","3.0","3.0","4.0","4.0","5.0","5.0","3.0","3.0","3.0","3.0","4.0","4.0","4.0","4.0","4.0","4.0","5.0","5.0","5.0","5.0","3.0","3.0","4.0","4.0","4.0","4.0","4.0","4.0","5.0","5.0","5.0","5.0","5.0","5.0","4.0","4.0","4.0","4.0","5.0","5.0","","","4.0","4.0","4.0","4.0","5.0","5.0","5.0","5.0","5.0","5.0","5.0","5.0","4.0","4.0","5.0","5.0","5.0","5.0","5.0","5.0","5.0","5.0","5.0","5.0","4.0","4.0","5.0","5.0","5.0","5.0","4.0","4.0","5.0","5.0","5.0","5.0","4.0","4.0","4.0","4.0","5.0","5.0","4.0","4.0","4.0","4.0","5.0","5.0","5.0","5.0","4.0","4.0","5.0","5.0","4.0","4.0","3.0","3.0","4.0","4.0","5.0","5.0","5.0","5.0","4.0","4.0","4.0","4.0","4.0","4.0","4.0","4.0","4.0","4.0","5.0","5.0","Tak, tylko jedna grafika zwróciła moją uwagę na nowy aspekt w projekcie","Yes, only one graphic drew my attention to a new aspect in the project","sposób stworzenia organicznej formy z czegoś co na co dzień się z taką nie kojarzy","a way to create an organic form from something that is not normally associated with it","5","5","Zdecydowanie tak","Definitely yes","9","9","11","11","",""
"2024/06/05 12:38:52 AM EEST","2024/06/05 12:38:52 AM EEST","6B","6B","Pinterest;Instagram;Behance;Książek, magazyny artystyczne/wnętrzarskie","Pinterest;Instagram;Behance;Books,Art/Interior design magazines","Nigdy wcześniej","Never before","10","10","","","4","4","1","1","5","5","5","5","5.0","5.0","3","3","3","3","5.0","5.0","1.0","1.0","4.0","4.0","3.0","3.0","3.0","3.0","3.0","3.0","2.0","2.0","5.0","5.0","3.0","3.0","3.0","3.0","4.0","4.0","2.0","2.0","3.0","3.0","1.0","1.0","5.0","5.0","3.0","3.0","4.0","4.0","4.0","4.0","5.0","5.0","3.0","3.0","2.0","2.0","4.0","4.0","3.0","3.0","4.0","4.0","4.0","4.0","4.0","4.0","4.0","4.0","2.0","2.0","5.0","5.0","2.0","2.0","4.0","4.0","4.0","4.0","5.0","5.0","3.0","3.0","2.0","2.0","4.0","4.0","3.0","3.0","4.0","4.0","3.0","3.0","4.0","4.0","3.0","3.0","3.0","3.0","4.0","4.0","2.0","2.0","4.0","4.0","4.0","4.0","4.0","4.0","3.0","3.0","2.0","2.0","","","","","","","","","","","","","","","3.0","3.0","3.0","3.0","5.0","5.0","5.0","5.0","4.0","4.0","3.0","3.0","2.0","2.0","Nie, żadna grafika nie zwróciła mojej uwagi na nowy aspekt w projekcie","No, no graphic drew my attention to a new aspect in the project","","","3","3","Raczej nie","Rather no","1","1","1","1","",""
"2024/06/05 5:23:54 PM EEST","2024/06/05 5:23:54 PM EEST","","","Pinterest;Wyszukiwarka Google","Pinterest;Google search","Tak, ale tylko raz","Yes, but only once","Mniej niż 10","Less than 10","Wygenerowane obrazki nie były satysfakcjonujące, dlatego ich nie zapisałam/ zapisałem.","Images were not satisfying","1","1","1","1","3","3","2","2","4.0","4.0","2","2","3","3","","","","","","","","","","","","","","","","","","","","","","","","","","","","","","","","","","","","","","","","","","","","","","","","","","","","","","","","","","","","","","","","","","","","","","","","","","","","","","","","","","","","","","","","","","","","","","","","","","","","","","","","","","","","","","","","","","","","","","","","","","","","","","","Nie, żadna grafika nie zwróciła mojej uwagi na nowy aspekt w projekcie","No, no graphic drew my attention to a new aspect in the project","","","4","4","Raczej tak","Rather yes","3","3","11","11","",""
"2024/06/05 5:56:30 PM EEST","2024/06/05 5:56:30 PM EEST","3B","3B","Pinterest;Instagram","Pinterest;Instagram","Nigdy wcześniej","Never before","10","10","","","4","4","5","5","5","5","4","4","2.0","2.0","3","3","4","4","4.0","4.0","5.0","5.0","5.0","5.0","4.0","4.0","2.0","2.0","3.0","3.0","4.0","4.0","3.0","3.0","5.0","5.0","5.0","5.0","4.0","4.0","2.0","2.0","3.0","3.0","4.0","4.0","4.0","4.0","4.0","4.0","4.0","4.0","5.0","5.0","4.0","4.0","3.0","3.0","4.0","4.0","4.0","4.0","4.0","4.0","4.0","4.0","4.0","4.0","4.0","4.0","4.0","4.0","4.0","4.0","4.0","4.0","4.0","4.0","4.0","4.0","4.0","4.0","4.0","4.0","4.0","4.0","4.0","4.0","4.0","4.0","4.0","4.0","3.0","3.0","3.0","3.0","4.0","4.0","3.0","3.0","4.0","4.0","4.0","4.0","4.0","4.0","4.0","4.0","4.0","4.0","4.0","4.0","4.0","4.0","4.0","4.0","4.0","4.0","4.0","4.0","3.0","3.0","4.0","4.0","3.0","3.0","4.0","4.0","4.0","4.0","5.0","5.0","4.0","4.0","4.0","4.0","4.0","4.0","4.0","4.0","5.0","5.0","5.0","5.0","Tak, więcej niż jedna grafika zwróciły moją uwagę na nowy aspekt w projekcie","Yes, more than one graphic drew my attention to a new aspect in the project","projektowane oświetlenie","designed lighting","2","2","Raczej nie","Rather no","7","7","12","12","",""
"2024/06/05 11:42:05 PM EEST","2024/06/05 11:42:05 PM EEST","7B","7B","Pinterest;Behance","Pinterest;Behance","Tak, kilkukrotnie","Yes, a couple of times","Mniej niż 10","Less than 10","Wygenerowane obrazki nie były satysfakcjonujące, dlatego ich nie zapisałam/ zapisałem.","Images were not satisfying","3","3","3","3","4","4","3","3","5.0","5.0","5","5","5","5","3.0","3.0","4.0","4.0","5.0","5.0","5.0","5.0","5.0","5.0","5.0","5.0","3.0","3.0","","","","","","","","","","","","","","","","","","","","","","","","","","","","","","","","","","","","","","","","","","","","","","","","","","","","","","","","","","","","","","","","","","","","","","","","","","","","","","","","","","","","","","","","","","","","","","","","","","","","","","","","","","","","","","","","","Nie, żadna grafika nie zwróciła mojej uwagi na nowy aspekt w projekcie","No, no graphic drew my attention to a new aspect in the project","","","3","3","Raczej tak","Rather yes","1","1","I9","I9","",""
"2024/06/06 5:53:27 PM EEST","2024/06/06 5:53:27 PM EEST","13A","13A","Pinterest;Instagram;Behance","Pinterest;Instagram;Behance","Tak, ale tylko raz","Yes, but only once","Mniej niż 10","Less than 10","Wygenerowane obrazki nie były zgodne z tematem.","Generated images were off topic","4","4","3","3","4","4","4","4","4.0","4.0","3","3","2","2","","","","","","","","","","","","","","","","","","","","","","","","","","","","","","","","","","","","","","","","","","","","","","","","","","","","","","","","","","","","","","","","","","","","","","","","","","","","","","","","","","","","","","","","","","","","","","","","","","","","","","","","","","","","","","","","","","","","","","","","","","","","","","","Tak, tylko jedna grafika zwróciła moją uwagę na nowy aspekt w projekcie","Yes, only one graphic drew my attention to a new aspect in the project","kształty okien ","window shapes","3","3","Nie wiem","I don't know","7","7","3","3","",""
"2024/06/06 8:57:59 PM EEST","2024/06/06 8:57:59 PM EEST","13B","13B","Pinterest;Wyszukiwarka Google","Pinterest;Google search","Nigdy wcześniej","Never before","Więcej niż 10","More than 10","Te, które znalazłam/ znalazłem były w pełni satysfakcjonujące, dlatego nie generowałam/ generowałem ich więcej.","The ones I generated were satisfying enough","3","3","3","3","4","4","3","3","4.0","4.0","3","3","3","3","3.0","3.0","3.0","3.0","3.0","3.0","3.0","3.0","4.0","4.0","4.0","4.0","4.0","4.0","3.0","3.0","3.0","3.0","3.0","3.0","4.0","4.0","4.0","4.0","4.0","4.0","","","3.0","3.0","4.0","4.0","5.0","5.0","4.0","4.0","3.0","3.0","3.0","3.0","3.0","3.0","3.0","3.0","3.0","3.0","4.0","4.0","4.0","4.0","4.0","4.0","2.0","2.0","4.0","4.0","4.0","4.0","3.0","3.0","3.0","3.0","3.0","3.0","5.0","5.0","4.0","4.0","3.0","3.0","2.0","2.0","2.0","2.0","3.0","3.0","3.0","3.0","3.0","3.0","3.0","3.0","3.0","3.0","3.0","3.0","3.0","3.0","4.0","4.0","4.0","4.0","4.0","4.0","3.0","3.0","4.0","4.0","3.0","3.0","3.0","3.0","4.0","4.0","4.0","4.0","4.0","4.0","3.0","3.0","4.0","4.0","4.0","4.0","4.0","4.0","4.0","4.0","4.0","4.0","4.0","4.0","4.0","4.0","5.0","5.0","Tak, więcej niż jedna grafika zwróciły moją uwagę na nowy aspekt w projekcie","Yes, more than one graphic drew my attention to a new aspect in the project","sposób oświetlenia zadaszenia","roof lighting method","4","4","Nie wiem","I don't know","3","3","8","8","",""
"2024/06/07 10:18:46 AM EEST","2024/06/07 10:18:46 AM EEST","19A","19A","Pinterest;Instagram","Pinterest;Instagram","Nigdy wcześniej","Never before","10","10","","","4","4","4","4","3","3","5","5","4.0","4.0","4","4","4","4","4.0","4.0","4.0","4.0","5.0","5.0","4.0","4.0","4.0","4.0","4.0","4.0","4.0","4.0","4.0","4.0","4.0","4.0","4.0","4.0","4.0","4.0","5.0","5.0","4.0","4.0","5.0","5.0","5.0","5.0","5.0","5.0","5.0","5.0","5.0","5.0","4.0","4.0","5.0","5.0","5.0","5.0","4.0","4.0","3.0","3.0","5.0","5.0","4.0","4.0","5.0","5.0","5.0","5.0","5.0","5.0","3.0","3.0","4.0","4.0","4.0","4.0","4.0","4.0","5.0","5.0","4.0","4.0","5.0","5.0","3.0","3.0","4.0","4.0","4.0","4.0","5.0","5.0","5.0","5.0","5.0","5.0","4.0","4.0","3.0","3.0","3.0","3.0","4.0","4.0","5.0","5.0","5.0","5.0","4.0","4.0","5.0","5.0","3.0","3.0","4.0","4.0","5.0","5.0","4.0","4.0","4.0","4.0","5.0","5.0","5.0","5.0","4.0","4.0","4.0","4.0","4.0","4.0","5.0","5.0","4.0","4.0","5.0","5.0","3.0","3.0","Tak, więcej niż jedna grafika zwróciły moją uwagę na nowy aspekt w projekcie","Yes, more than one graphic drew my attention to a new aspect in the project","","","5","5","Raczej tak","Rather yes","6","6","12","12","",""
"2024/06/07 10:39:56 AM EEST","2024/06/07 10:39:56 AM EEST","27","27","Pinterest","Pinterest","Nigdy wcześniej","Never before","Mniej niż 10","Less than 10","Wygenerowane obrazki nie były satysfakcjonujące, dlatego ich nie zapisałam/ zapisałem.","Images were not satisfying","3","3","4","4","5","5","2","2","4.0","4.0","4","4","4","4","3.0","3.0","5.0","5.0","5.0","5.0","3.0","3.0","5.0","5.0","4.0","4.0","3.0","3.0","4.0","4.0","4.0","4.0","5.0","5.0","3.0","3.0","5.0","5.0","4.0","4.0","4.0","4.0","4.0","4.0","4.0","4.0","5.0","5.0","3.0","3.0","5.0","5.0","5.0","5.0","4.0","4.0","4.0","4.0","5.0","5.0","","","5.0","5.0","5.0","5.0","4.0","4.0","5.0","5.0","3.0","3.0","4.0","4.0","5.0","5.0","4.0","4.0","5.0","5.0","4.0","4.0","5.0","5.0","5.0","5.0","5.0","5.0","5.0","5.0","5.0","5.0","5.0","5.0","5.0","5.0","5.0","5.0","4.0","4.0","3.0","3.0","5.0","5.0","3.0","3.0","5.0","5.0","3.0","3.0","3.0","3.0","4.0","4.0","4.0","4.0","5.0","5.0","3.0","3.0","5.0","5.0","3.0","3.0","3.0","3.0","3.0","3.0","3.0","3.0","5.0","5.0","3.0","3.0","5.0","5.0","3.0","3.0","3.0","3.0","Tak, tylko jedna grafika zwróciła moją uwagę na nowy aspekt w projekcie","Yes, only one graphic drew my attention to a new aspect in the project","W jaki sposób można zaprojektować przód tramwaju","How to design the front of a tram","3","3","Nie wiem","I don't know","3","3","4","4","",""
"2024/06/07 6:19:48 PM EEST","2024/06/07 6:19:48 PM EEST","11A","11A","Pinterest","Pinterest","Nigdy wcześniej","Never before","10","10","","","2","2","4","4","5","5","5","5","5.0","5.0","4","4","3","3","2.0","2.0","2.0","2.0","2.0","2.0","2.0","2.0","2.0","2.0","2.0","2.0","2.0","2.0","4.0","4.0","3.0","3.0","4.0","4.0","4.0","4.0","4.0","4.0","3.0","3.0","4.0","4.0","5.0","5.0","5.0","5.0","5.0","5.0","5.0","5.0","5.0","5.0","4.0","4.0","4.0","4.0","3.0","3.0","4.0","4.0","4.0","4.0","3.0","3.0","4.0","4.0","3.0","3.0","3.0","3.0","4.0","4.0","4.0","4.0","5.0","5.0","5.0","5.0","5.0","5.0","4.0","4.0","4.0","4.0","5.0","5.0","5.0","5.0","5.0","5.0","5.0","5.0","4.0","4.0","3.0","3.0","3.0","3.0","5.0","5.0","5.0","5.0","5.0","5.0","4.0","4.0","4.0","4.0","4.0","4.0","5.0","5.0","3.0","3.0","3.0","3.0","4.0","4.0","4.0","4.0","4.0","4.0","3.0","3.0","3.0","3.0","4.0","4.0","4.0","4.0","5.0","5.0","5.0","5.0","4.0","4.0","4.0","4.0","4.0","4.0","Tak, tylko jedna grafika zwróciła moją uwagę na nowy aspekt w projekcie","Yes, only one graphic drew my attention to a new aspect in the project","Pierwotnie planowałyśmy zastosować organiczny kształt sufitu, ale nie pomyślałyśmy o tym, że może on być jednocześnie lustrzany i tworzyć odbicia. Finalnie zastosowałyśmy to rozwiązanie w naszym projekcie i istotnie wpłynęło ono na charakter wnętrza.","We originally planned to use an organic ceiling shape, but we didn't think about the fact that it could be mirrored and create reflections at the same time. We finally used this solution in our project and it significantly influenced the character of the interior.","5","5","Raczej tak","Rather yes","8","8","3","3","",""
"2024/06/08 12:02:30 AM EEST","2024/06/08 12:02:30 AM EEST","21B","21B","Pinterest;Behance","Pinterest;Behance","Nigdy wcześniej","Never before","Mniej niż 10","Less than 10","Zabrakło mi czasu na wygenerowanie większej liczby obrazków.","Ran out of time","4","4","4","4","5","5","5","5","5.0","5.0","3","3","4","4","3.0","3.0","4.0","4.0","5.0","5.0","5.0","5.0","5.0","5.0","5.0","5.0","4.0","4.0","3.0","3.0","2.0","2.0","2.0","2.0","4.0","4.0","4.0","4.0","3.0","3.0","3.0","3.0","5.0","5.0","5.0","5.0","5.0","5.0","5.0","5.0","5.0","5.0","4.0","4.0","4.0","4.0","2.0","2.0","2.0","2.0","3.0","3.0","3.0","3.0","2.0","2.0","2.0","2.0","2.0","2.0","","","","","","","","","","","","","","","","","","","","","","","","","","","","","","","","","","","","","","","","","","","","","","","","","","","","","","","","","","","","","","","","","","","","","","","Tak, więcej niż jedna grafika zwróciły moją uwagę na nowy aspekt w projekcie","Yes, more than one graphic drew my attention to a new aspect in the project","Zwróciłam uwagę na oświetlenie oraz kształty siedzisk, okien i drzwi ","I paid attention to the lighting and the shapes of the seats, windows and doors.","5","5","Raczej tak","Rather yes","9","9","4","4","",""
"2024/06/09 8:38:19 PM EEST","2024/06/09 8:38:19 PM EEST","","","Pinterest","Pinterest","Tak, kilkukrotnie","Yes, a couple of times","Mniej niż 10","Less than 10","Zabrakło mi czasu na wygenerowanie większej liczby obrazków.","Ran out of time","4","4","2","2","4","4","3","3","4.0","4.0","4","4","4","4","5.0","5.0","3.0","3.0","5.0","5.0","4.0","4.0","4.0","4.0","3.0","3.0","4.0","4.0","4.0","4.0","3.0","3.0","4.0","4.0","4.0","4.0","4.0","4.0","3.0","3.0","4.0","4.0","3.0","3.0","4.0","4.0","4.0","4.0","4.0","4.0","4.0","4.0","3.0","3.0","4.0","4.0","5.0","5.0","2.0","2.0","4.0","4.0","4.0","4.0","3.0","3.0","4.0","4.0","4.0","4.0","4.0","4.0","3.0","3.0","4.0","4.0","4.0","4.0","4.0","4.0","4.0","4.0","4.0","4.0","4.0","4.0","2.0","2.0","4.0","4.0","4.0","4.0","4.0","4.0","4.0","4.0","4.0","4.0","","","","","","","","","","","","","","","","","","","","","","","","","","","","","","","","","","","","","","","","","","","Nie, żadna grafika nie zwróciła mojej uwagi na nowy aspekt w projekcie","No, no graphic drew my attention to a new aspect in the project","","","5","5","Raczej tak","Rather yes","3","3","zdjęcia kosmosu","space images","",""
"2024/06/10 11:10:36 AM EEST","2024/06/10 11:10:36 AM EEST","8B","8B","Pinterest","Pinterest","Tak, kilkukrotnie","Yes, a couple of times","Więcej niż 10","More than 10","","","4","4","3","3","4","4","4","4","5.0","5.0","2","2","4","4","4.0","4.0","2.0","2.0","3.0","3.0","5.0","5.0","5.0","5.0","1.0","1.0","3.0","3.0","4.0","4.0","3.0","3.0","5.0","5.0","5.0","5.0","5.0","5.0","3.0","3.0","4.0","4.0","5.0","5.0","4.0","4.0","5.0","5.0","5.0","5.0","5.0","5.0","4.0","4.0","5.0","5.0","5.0","5.0","5.0","5.0","5.0","5.0","5.0","5.0","5.0","5.0","4.0","4.0","3.0","3.0","5.0","5.0","5.0","5.0","5.0","5.0","5.0","5.0","4.0","4.0","4.0","4.0","3.0","3.0","4.0","4.0","3.0","3.0","5.0","5.0","3.0","3.0","3.0","3.0","3.0","3.0","3.0","3.0","3.0","3.0","3.0","3.0","5.0","5.0","4.0","4.0","3.0","3.0","3.0","3.0","4.0","4.0","3.0","3.0","4.0","4.0","4.0","4.0","3.0","3.0","3.0","3.0","4.0","4.0","3.0","3.0","4.0","4.0","4.0","4.0","4.0","4.0","4.0","4.0","3.0","3.0","4.0","4.0","4.0","4.0","Tak, tylko jedna grafika zwróciła moją uwagę na nowy aspekt w projekcie","Yes, only one graphic drew my attention to a new aspect in the project","oświetlenie w ""nietypowych"" miejscach","lighting in ""unusual"" places","5","5","Raczej tak","Rather yes","5","5","zdjęcia kosmosu (4)","space images (4)","Midjourney (sztuczna inteligencja) wstawia czasami przedmioty w nietypowe miejsca, jest to minus bo wizualizacja staje się mniej realistyczna, ale z perspektywy projektowej można podczas koncepcji otworzyć swój umysł na jakieś nowe niekonwencjonalne rozwiązania. ","Midjourney (artificial intelligence) sometimes inserts objects in unusual places, this is a minus because the visualization becomes less realistic, but from a design perspective you can open your mind to some new unconventional solutions during conception."
"2024/06/10 12:35:51 PM EEST","2024/06/10 12:35:51 PM EEST","12B","12B","Pinterest;Instagram;Wyszukiwarka Google","Pinterest;Instagram;Google search","Nigdy wcześniej","Never before","Mniej niż 10","Less than 10","Trudno mi było posługiwać się tym narzędziem.","The tool was hard to use","4","4","3","3","4","4","4","4","4.0","4.0","2","2","3","3","","","","","","","","","","","","","","","","","","","","","","","","","","","","","","","","","","","","","","","","","","","","","","","","","","","","","","","","","","","","","","","","","","","","","","","","","","","","","","","","","","","","","","","","","","","","","","","","","","","","","","","","","","","","","","","","","","","","","","","","","","","","","","","Nie, żadna grafika nie zwróciła mojej uwagi na nowy aspekt w projekcie","No, no graphic drew my attention to a new aspect in the project","","","3","3","Nie wiem","I don't know","5","5","3","3","",""
"2024/06/10 9:32:34 PM EEST","2024/06/10 9:32:34 PM EEST","25","25","Pinterest;Behance;Wyszukiwarka Google","Pinterest;Behance;Google search","Tak, używam regularnie","Yes, I use it regurarly","Więcej niż 10","More than 10","","","5","5","2","2","5","5","5","5","5.0","5.0","3","3","3","3","4.0","4.0","2.0","2.0","5.0","5.0","4.0","4.0","4.0","4.0","3.0","3.0","2.0","2.0","3.0","3.0","3.0","3.0","3.0","3.0","5.0","5.0","5.0","5.0","3.0","3.0","2.0","2.0","4.0","4.0","3.0","3.0","3.0","3.0","5.0","5.0","5.0","5.0","3.0","3.0","3.0","3.0","4.0","4.0","5.0","5.0","4.0","4.0","4.0","4.0","3.0","3.0","5.0","5.0","2.0","2.0","4.0","4.0","4.0","4.0","5.0","5.0","3.0","3.0","3.0","3.0","3.0","3.0","4.0","4.0","5.0","5.0","5.0","5.0","5.0","5.0","5.0","5.0","5.0","5.0","5.0","5.0","4.0","4.0","","","","","","","","","","","3.0","3.0","","","3.0","3.0","1.0","1.0","4.0","4.0","4.0","4.0","4.0","4.0","3.0","3.0","3.0","3.0","3.0","3.0","1.0","1.0","3.0","3.0","4.0","4.0","3.0","3.0","3.0","3.0","2.0","2.0","Nie, żadna grafika nie zwróciła mojej uwagi na nowy aspekt w projekcie","No, no graphic drew my attention to a new aspect in the project","","","5","5","Zdecydowanie tak","Definitely yes","5","5","16","16","",""
"2024/06/11 2:27:51 AM EEST","2024/06/11 2:27:51 AM EEST","10A","10A","Pinterest;Instagram","Pinterest;Instagram","Nie korzystałam/ korzystałem, ale słyszałam/ słyszałem o jego istnieniu","Never used, but heard about it","Mniej niż 10","Less than 10","Zabrakło mi czasu na wygenerowanie większej liczby obrazków.","Ran out of time","4","4","4","4","5","5","5","5","5.0","5.0","5","5","5","5","5.0","5.0","5.0","5.0","5.0","5.0","5.0","5.0","5.0","5.0","5.0","5.0","5.0","5.0","3.0","3.0","4.0","4.0","3.0","3.0","3.0","3.0","5.0","5.0","4.0","4.0","1.0","1.0","2.0","2.0","3.0","3.0","3.0","3.0","2.0","2.0","4.0","4.0","4.0","4.0","1.0","1.0","5.0","5.0","5.0","5.0","5.0","5.0","4.0","4.0","4.0","4.0","4.0","4.0","2.0","2.0","4.0","4.0","5.0","5.0","5.0","5.0","4.0","4.0","4.0","4.0","5.0","5.0","2.0","2.0","","","","","","","","","","","","","","","","","","","","","","","","","","","","","","","","","","","","","","","","","","","","","","","","","","","","","","","","","Nie, żadna grafika nie zwróciła mojej uwagi na nowy aspekt w projekcie","No, no graphic drew my attention to a new aspect in the project","","","4","4","Nie wiem","I don't know","4","4","12","12","",""
"2024/06/11 3:09:29 AM EEST","2024/06/11 3:09:29 AM EEST","12A","12A","Pinterest","Pinterest","Tak, ale tylko raz","Yes, but only once","10","10","","","5","5","5","5","5","5","5","5","5.0","5.0","5","5","5","5","5.0","5.0","5.0","5.0","5.0","5.0","5.0","5.0","5.0","5.0","5.0","5.0","5.0","5.0","5.0","5.0","5.0","5.0","5.0","5.0","5.0","5.0","5.0","5.0","5.0","5.0","5.0","5.0","5.0","5.0","5.0","5.0","5.0","5.0","5.0","5.0","5.0","5.0","5.0","5.0","5.0","5.0","5.0","5.0","5.0","5.0","5.0","5.0","5.0","5.0","5.0","5.0","5.0","5.0","5.0","5.0","5.0","5.0","5.0","5.0","5.0","5.0","5.0","5.0","5.0","5.0","5.0","5.0","5.0","5.0","5.0","5.0","5.0","5.0","5.0","5.0","5.0","5.0","5.0","5.0","5.0","5.0","5.0","5.0","5.0","5.0","5.0","5.0","5.0","5.0","5.0","5.0","5.0","5.0","5.0","5.0","5.0","5.0","5.0","5.0","5.0","5.0","5.0","5.0","5.0","5.0","5.0","5.0","5.0","5.0","5.0","5.0","5.0","5.0","5.0","5.0","5.0","5.0","5.0","5.0","5.0","5.0","5.0","5.0","5.0","5.0","Tak, więcej niż jedna grafika zwróciły moją uwagę na nowy aspekt w projekcie","Yes, more than one graphic drew my attention to a new aspect in the project","owalne kształty, zaprojektowane owalnie siedziska ","oval shapes, oval designed seats","5","5","Zdecydowanie tak","Definitely yes","7","7","15","15","",""
"2024/06/11 3:39:24 AM EEST","2024/06/11 3:39:24 AM EEST","8A","8A","Pinterest","Pinterest","Nigdy wcześniej","Never before","Więcej niż 10","More than 10","","","4","4","4","4","4","4","4","4","","","3","3","5","5","5.0","5.0","5.0","5.0","5.0","5.0","4.0","4.0","5.0","5.0","4.0","4.0","5.0","5.0","4.0","4.0","5.0","5.0","4.0","4.0","5.0","5.0","5.0","5.0","5.0","5.0","","","5.0","5.0","5.0","5.0","5.0","5.0","5.0","5.0","5.0","5.0","4.0","4.0","5.0","5.0","5.0","5.0","5.0","5.0","4.0","4.0","5.0","5.0","5.0","5.0","5.0","5.0","5.0","5.0","4.0","4.0","4.0","4.0","3.0","3.0","4.0","4.0","3.0","3.0","3.0","3.0","5.0","5.0","5.0","5.0","5.0","5.0","4.0","4.0","5.0","5.0","5.0","5.0","5.0","5.0","5.0","5.0","5.0","5.0","5.0","5.0","4.0","4.0","5.0","5.0","5.0","5.0","4.0","4.0","5.0","5.0","4.0","4.0","4.0","4.0","4.0","4.0","4.0","4.0","3.0","3.0","4.0","4.0","5.0","5.0","3.0","3.0","3.0","3.0","3.0","3.0","3.0","3.0","3.0","3.0","3.0","3.0","4.0","4.0","Tak, więcej niż jedna grafika zwróciły moją uwagę na nowy aspekt w projekcie","Yes, more than one graphic drew my attention to a new aspect in the project","Iluminacje świetlne, zastosowanie ledów w celu nadania nastroju wnętrzu, obłe kształty siedzisk, ciekawe zewnętrze","Light illuminations, use of LEDs to set the mood for the interior, rounded shapes of seats, interesting exterior","5","5","Raczej tak","Rather yes","9","9","18","18","",""
"2024/06/11 12:07:12 PM EEST","2024/06/11 12:07:12 PM EEST","10B","10B","Pinterest;Midjourney","Pinterest;Midjourney","Tak, ale tylko raz","Yes, but only once","Mniej niż 10","Less than 10","Te, które znalazłam/ znalazłem były w pełni satysfakcjonujące, dlatego nie generowałam/ generowałem ich więcej.","The ones I generated were satisfying enough","3","3","2","2","3","3","3","3","3.0","3.0","2","2","2","2","2.0","2.0","3.0","3.0","2.0","2.0","2.0","2.0","2.0","2.0","2.0","2.0","2.0","2.0","3.0","3.0","3.0","3.0","3.0","3.0","3.0","3.0","3.0","3.0","2.0","2.0","3.0","3.0","2.0","2.0","3.0","3.0","2.0","2.0","3.0","3.0","2.0","2.0","2.0","2.0","3.0","3.0","2.0","2.0","2.0","2.0","2.0","2.0","3.0","3.0","2.0","2.0","2.0","2.0","3.0","3.0","2.0","2.0","2.0","2.0","2.0","2.0","2.0","2.0","2.0","2.0","2.0","2.0","2.0","2.0","2.0","2.0","2.0","2.0","3.0","3.0","3.0","3.0","3.0","3.0","2.0","2.0","2.0","2.0","1.0","1.0","1.0","1.0","1.0","1.0","1.0","1.0","1.0","1.0","1.0","1.0","1.0","1.0","1.0","1.0","1.0","1.0","1.0","1.0","1.0","1.0","1.0","1.0","1.0","1.0","1.0","1.0","1.0","1.0","1.0","1.0","1.0","1.0","1.0","1.0","1.0","1.0","1.0","1.0","1.0","1.0","Tak, więcej niż jedna grafika zwróciły moją uwagę na nowy aspekt w projekcie","Yes, more than one graphic drew my attention to a new aspect in the project","","","4","4","Raczej tak","Rather yes","5","5","2","2","",""
"2024/06/11 12:43:33 PM EEST","2024/06/11 12:43:33 PM EEST","9B","9B","Pinterest","Pinterest","Nigdy wcześniej","Never before","Mniej niż 10","Less than 10","Te, które znalazłam/ znalazłem były w pełni satysfakcjonujące, dlatego nie generowałam/ generowałem ich więcej.","The ones I generated were satisfying enough","3","3","3","3","5","5","3","3","5.0","5.0","5","5","5","5","2.0","2.0","3.0","3.0","5.0","5.0","5.0","5.0","3.0","3.0","5.0","5.0","5.0","5.0","3.0","3.0","5.0","5.0","3.0","3.0","3.0","3.0","5.0","5.0","5.0","5.0","5.0","5.0","5.0","5.0","5.0","5.0","5.0","5.0","5.0","5.0","5.0","5.0","4.0","4.0","5.0","5.0","","","","","","","","","","","","","","","","","","","","","","","","","","","","","","","","","","","","","","","","","","","3.0","3.0","2.0","2.0","5.0","5.0","3.0","3.0","4.0","4.0","5.0","5.0","5.0","5.0","3.0","3.0","5.0","5.0","3.0","3.0","5.0","5.0","3.0","3.0","5.0","5.0","5.0","5.0","5.0","5.0","5.0","5.0","5.0","5.0","5.0","5.0","5.0","5.0","5.0","5.0","5.0","5.0","Tak, więcej niż jedna grafika zwróciły moją uwagę na nowy aspekt w projekcie","Yes, more than one graphic drew my attention to a new aspect in the project","kształty siedzeń umieszczenie barierek i kolorystka, materiały","seat shapes, railing placement and colors, materials","5","5","Raczej nie","Rather no","9","9","13","13","",""
"2024/06/11 12:49:23 PM EEST","2024/06/11 12:49:23 PM EEST","14B","14B","Pinterest;Instagram","Pinterest;Instagram","Nie korzystałam/ korzystałem, ale słyszałam/ słyszałem o jego istnieniu","Never used, but heard about it","Mniej niż 10","Less than 10","Wygenerowane obrazki nie były satysfakcjonujące, dlatego ich nie zapisałam/ zapisałem.","Images were not satisfying","3","3","2","2","4","4","2","2","1.0","1.0","2","2","2","2","3.0","3.0","2.0","2.0","3.0","3.0","2.0","2.0","1.0","1.0","2.0","2.0","1.0","1.0","2.0","2.0","3.0","3.0","3.0","3.0","2.0","2.0","3.0","3.0","2.0","2.0","3.0","3.0","2.0","2.0","3.0","3.0","3.0","3.0","2.0","2.0","3.0","3.0","2.0","2.0","3.0","3.0","1.0","1.0","1.0","1.0","3.0","3.0","3.0","3.0","1.0","1.0","1.0","1.0","1.0","1.0","1.0","1.0","1.0","1.0","1.0","1.0","1.0","1.0","1.0","1.0","1.0","1.0","1.0","1.0","3.0","3.0","3.0","3.0","4.0","4.0","4.0","4.0","4.0","4.0","4.0","4.0","4.0","4.0","4.0","4.0","4.0","4.0","4.0","4.0","4.0","4.0","4.0","4.0","4.0","4.0","4.0","4.0","4.0","4.0","3.0","3.0","5.0","5.0","4.0","4.0","4.0","4.0","4.0","4.0","5.0","5.0","","","","","","","","","","","","","","","Tak, więcej niż jedna grafika zwróciły moją uwagę na nowy aspekt w projekcie","Yes, more than one graphic drew my attention to a new aspect in the project","zlokalizowanie krzeseł naprzeciwko, zielone odcienie","locating chairs opposite, green shades","3","3","Raczej tak","Rather yes","6","6","19","19","",""
"2024/06/11 12:51:20 PM EEST","2024/06/11 12:51:20 PM EEST","16B","16B","Pinterest","Pinterest","Tak, ale tylko raz","Yes, but only once","Mniej niż 10","Less than 10","Wygenerowane obrazki nie były satysfakcjonujące, dlatego ich nie zapisałam/ zapisałem.","Images were not satisfying","4","4","3","3","4","4","3","3","4.0","4.0","3","3","3","3","3.0","3.0","3.0","3.0","4.0","4.0","4.0","4.0","3.0","3.0","4.0","4.0","4.0","4.0","3.0","3.0","3.0","3.0","4.0","4.0","3.0","3.0","4.0","4.0","4.0","4.0","4.0","4.0","4.0","4.0","4.0","4.0","3.0","3.0","4.0","4.0","3.0","3.0","4.0","4.0","4.0","4.0","4.0","4.0","4.0","4.0","3.0","3.0","4.0","4.0","3.0","3.0","4.0","4.0","4.0","4.0","3.0","3.0","4.0","4.0","4.0","4.0","4.0","4.0","3.0","3.0","4.0","4.0","3.0","3.0","3.0","3.0","3.0","3.0","4.0","4.0","3.0","3.0","4.0","4.0","4.0","4.0","3.0","3.0","3.0","3.0","3.0","3.0","4.0","4.0","3.0","3.0","3.0","3.0","4.0","4.0","3.0","3.0","3.0","3.0","4.0","4.0","3.0","3.0","3.0","3.0","3.0","3.0","4.0","4.0","4.0","4.0","3.0","3.0","4.0","4.0","3.0","3.0","3.0","3.0","4.0","4.0","4.0","4.0","3.0","3.0","Nie, żadna grafika nie zwróciła mojej uwagi na nowy aspekt w projekcie","No, no graphic drew my attention to a new aspect in the project","","","3","3","Nie wiem","I don't know","5","5","2","2","",""
"2024/06/11 12:53:51 PM EEST","2024/06/11 12:53:51 PM EEST","16A","16A","Pinterest;Midjourney","Pinterest;Midjourney","Tak, ale tylko raz","Yes, but only once","Mniej niż 10","Less than 10","Zabrakło mi czasu na wygenerowanie większej liczby obrazków.","Ran out of time","4","4","5","5","5","5","5","5","5.0","5.0","4","4","5","5","5.0","5.0","5.0","5.0","5.0","5.0","5.0","5.0","5.0","5.0","5.0","5.0","5.0","5.0","5.0","5.0","5.0","5.0","5.0","5.0","5.0","5.0","5.0","5.0","5.0","5.0","5.0","5.0","4.0","4.0","5.0","5.0","5.0","5.0","4.0","4.0","5.0","5.0","4.0","4.0","5.0","5.0","5.0","5.0","5.0","5.0","5.0","5.0","5.0","5.0","5.0","5.0","5.0","5.0","5.0","5.0","5.0","5.0","5.0","5.0","5.0","5.0","5.0","5.0","5.0","5.0","5.0","5.0","5.0","5.0","5.0","5.0","5.0","5.0","5.0","5.0","5.0","5.0","5.0","5.0","5.0","5.0","5.0","5.0","5.0","5.0","5.0","5.0","5.0","5.0","5.0","5.0","5.0","5.0","5.0","5.0","5.0","5.0","3.0","3.0","3.0","3.0","3.0","3.0","3.0","3.0","3.0","3.0","3.0","3.0","3.0","3.0","5.0","5.0","5.0","5.0","5.0","5.0","5.0","5.0","5.0","5.0","5.0","5.0","5.0","5.0","Tak, więcej niż jedna grafika zwróciły moją uwagę na nowy aspekt w projekcie","Yes, more than one graphic drew my attention to a new aspect in the project","Na kolorystyką i materiały ","On colors and materials","4","4","Raczej tak","Rather yes","6","6","5","5","Bardzo mi spodobało korzystasz z Midjourney","I really liked using Midjourney"
"2024/06/11 12:58:55 PM EEST","2024/06/11 12:58:55 PM EEST","11B","11B","Pinterest","Pinterest","Nigdy wcześniej","Never before","Mniej niż 10","Less than 10","Wygenerowane obrazki nie były satysfakcjonujące, dlatego ich nie zapisałam/ zapisałem.","Images were not satisfying","3","3","2","2","4","4","3","3","3.0","3.0","3","3","2","2","2.0","2.0","2.0","2.0","2.0","2.0","3.0","3.0","3.0","3.0","3.0","3.0","3.0","3.0","2.0","2.0","2.0","2.0","2.0","2.0","3.0","3.0","4.0","4.0","3.0","3.0","3.0","3.0","4.0","4.0","3.0","3.0","4.0","4.0","4.0","4.0","4.0","4.0","3.0","3.0","4.0","4.0","4.0","4.0","3.0","3.0","4.0","4.0","4.0","4.0","4.0","4.0","3.0","3.0","4.0","4.0","4.0","4.0","3.0","3.0","4.0","4.0","4.0","4.0","4.0","4.0","3.0","3.0","4.0","4.0","4.0","4.0","3.0","3.0","4.0","4.0","5.0","5.0","4.0","4.0","3.0","3.0","3.0","3.0","2.0","2.0","1.0","1.0","2.0","2.0","3.0","3.0","2.0","2.0","1.0","1.0","1.0","1.0","","","","","","","","","","","","","","","","","","","","","","","","","","","","","Tak, tylko jedna grafika zwróciła moją uwagę na nowy aspekt w projekcie","Yes, only one graphic drew my attention to a new aspect in the project","Sufit","Ceiling","3","3","Nie wiem","I don't know","4","4","14","14","",""
"2024/06/11 2:48:58 PM EEST","2024/06/11 2:48:58 PM EEST","23A","23A","Pinterest","Pinterest","Tak, kilkukrotnie","Yes, a couple of times","Mniej niż 10","Less than 10","Zabrakło mi czasu na wygenerowanie większej liczby obrazków.","Ran out of time","5","5","5","5","4","4","5","5","5.0","5.0","4","4","5","5","4.0","4.0","5.0","5.0","4.0","4.0","4.0","4.0","4.0","4.0","3.0","3.0","5.0","5.0","3.0","3.0","2.0","2.0","4.0","4.0","3.0","3.0","3.0","3.0","2.0","2.0","3.0","3.0","4.0","4.0","5.0","5.0","4.0","4.0","5.0","5.0","5.0","5.0","4.0","4.0","4.0","4.0","4.0","4.0","5.0","5.0","4.0","4.0","3.0","3.0","3.0","3.0","3.0","3.0","4.0","4.0","5.0","5.0","4.0","4.0","2.0","2.0","4.0","4.0","3.0","3.0","3.0","3.0","3.0","3.0","","","","","","","","","","","","","","","","","","","","","","","","","","","","","","","","","","","","","","","","","","","","","","","","","","","","","","","","","Tak, więcej niż jedna grafika zwróciły moją uwagę na nowy aspekt w projekcie","Yes, more than one graphic drew my attention to a new aspect in the project","rozwiązania okien, wykończenia materiałowe, innowacyjne rozwiązania","window solutions, material finishes, innovative solutions","5","5","Zdecydowanie tak","Definitely yes","7","7","12","12","",""
"2024/06/11 2:49:30 PM EEST","2024/06/11 2:49:30 PM EEST","24A","24A","Pinterest","Pinterest","Nigdy wcześniej","Never before","Mniej niż 10","Less than 10","Te, które znalazłam/ znalazłem były w pełni satysfakcjonujące, dlatego nie generowałam/ generowałem ich więcej.","The ones I generated were satisfying enough","4","4","4","4","3","3","4","4","4.0","4.0","3","3","3","3","3.0","3.0","4.0","4.0","3.0","3.0","4.0","4.0","4.0","4.0","3.0","3.0","4.0","4.0","3.0","3.0","4.0","4.0","3.0","3.0","3.0","3.0","4.0","4.0","4.0","4.0","","","3.0","3.0","4.0","4.0","3.0","3.0","3.0","3.0","3.0","3.0","4.0","4.0","4.0","4.0","4.0","4.0","4.0","4.0","3.0","3.0","4.0","4.0","3.0","3.0","3.0","3.0","4.0","4.0","4.0","4.0","4.0","4.0","3.0","3.0","4.0","4.0","4.0","4.0","3.0","3.0","4.0","4.0","4.0","4.0","3.0","3.0","4.0","4.0","4.0","4.0","4.0","4.0","4.0","4.0","3.0","3.0","4.0","4.0","4.0","4.0","3.0","3.0","3.0","3.0","3.0","3.0","4.0","4.0","4.0","4.0","3.0","3.0","4.0","4.0","4.0","4.0","4.0","4.0","4.0","4.0","3.0","3.0","3.0","3.0","4.0","4.0","4.0","4.0","3.0","3.0","4.0","4.0","4.0","4.0","4.0","4.0","3.0","3.0","Tak, tylko jedna grafika zwróciła moją uwagę na nowy aspekt w projekcie","Yes, only one graphic drew my attention to a new aspect in the project","innowacyjność designu","design innovation","3","3","Nie wiem","I don't know","2","2","3","3","",""
"2024/06/11 2:50:02 PM EEST","2024/06/11 2:50:02 PM EEST","24B","24B","Pinterest;Instagram;Behance;Wyszukiwarka Google;Midjourney","Pinterest;Instagram;Behance;Google search;Midjourney","Tak, kilkukrotnie","Yes, a couple of times","Mniej niż 10","Less than 10","Te, które znalazłam/ znalazłem były w pełni satysfakcjonujące, dlatego nie generowałam/ generowałem ich więcej.","The ones I generated were satisfying enough","4","4","3","3","4","4","5","5","4.0","4.0","4","4","4","4","4.0","4.0","5.0","5.0","4.0","4.0","4.0","4.0","3.0","3.0","4.0","4.0","5.0","5.0","3.0","3.0","4.0","4.0","4.0","4.0","3.0","3.0","3.0","3.0","4.0","4.0","5.0","5.0","5.0","5.0","4.0","4.0","4.0","4.0","4.0","4.0","3.0","3.0","4.0","4.0","4.0","4.0","5.0","5.0","4.0","4.0","5.0","5.0","4.0","4.0","3.0","3.0","4.0","4.0","3.0","3.0","5.0","5.0","4.0","4.0","3.0","3.0","4.0","4.0","3.0","3.0","4.0","4.0","5.0","5.0","4.0","4.0","4.0","4.0","4.0","4.0","4.0","4.0","5.0","5.0","4.0","4.0","4.0","4.0","5.0","5.0","4.0","4.0","5.0","5.0","5.0","5.0","5.0","5.0","4.0","4.0","4.0","4.0","5.0","5.0","4.0","4.0","4.0","4.0","4.0","4.0","4.0","4.0","5.0","5.0","4.0","4.0","5.0","5.0","5.0","5.0","5.0","5.0","5.0","5.0","4.0","4.0","4.0","4.0","4.0","4.0","Nie, żadna grafika nie zwróciła mojej uwagi na nowy aspekt w projekcie","No, no graphic drew my attention to a new aspect in the project","","","5","5","Zdecydowanie tak","Definitely yes","6","6","18","18","",""
"2024/06/11 2:51:56 PM EEST","2024/06/11 2:51:56 PM EEST","19B","19B","Pinterest","Pinterest","Nigdy wcześniej","Never before","Mniej niż 10","Less than 10","Te, które znalazłam/ znalazłem były w pełni satysfakcjonujące, dlatego nie generowałam/ generowałem ich więcej.","The ones I generated were satisfying enough","2","2","3","3","5","5","5","5","4.0","4.0","5","5","3","3","5.0","5.0","5.0","5.0","5.0","5.0","3.0","3.0","2.0","2.0","3.0","3.0","4.0","4.0","3.0","3.0","4.0","4.0","3.0","3.0","4.0","4.0","4.0","4.0","2.0","2.0","4.0","4.0","4.0","4.0","4.0","4.0","5.0","5.0","5.0","5.0","5.0","5.0","4.0","4.0","5.0","5.0","3.0","3.0","3.0","3.0","4.0","4.0","4.0","4.0","2.0","2.0","4.0","4.0","3.0","3.0","2.0","2.0","3.0","3.0","3.0","3.0","3.0","3.0","3.0","3.0","3.0","3.0","4.0","4.0","","","","","","","","","","","","","","","","","","","","","","","","","","","","","","","","","","","","","","","","","","","","","","","","","","","","","","","","","Tak, więcej niż jedna grafika zwróciły moją uwagę na nowy aspekt w projekcie","Yes, more than one graphic drew my attention to a new aspect in the project","piękna jakość wizualizacji, innowacyjne rozwiązania, nieszablonowosc ","beautiful quality of visualization, innovative solutions, unconventional","4","4","Raczej tak","Rather yes","7","7","14","14","",""
"2024/06/11 3:08:52 PM EEST","2024/06/11 3:08:52 PM EEST","18B","18B","Pinterest","Pinterest","Nie korzystałam/ korzystałem, ale słyszałam/ słyszałem o jego istnieniu","Never used, but heard about it","Mniej niż 10","Less than 10","Te, które znalazłam/ znalazłem były w pełni satysfakcjonujące, dlatego nie generowałam/ generowałem ich więcej.","The ones I generated were satisfying enough","5","5","5","5","4","4","4","4","4.0","4.0","3","3","5","5","5.0","5.0","5.0","5.0","5.0","5.0","5.0","5.0","5.0","5.0","5.0","5.0","5.0","5.0","5.0","5.0","4.0","4.0","5.0","5.0","4.0","4.0","5.0","5.0","5.0","5.0","5.0","5.0","5.0","5.0","4.0","4.0","4.0","4.0","4.0","4.0","5.0","5.0","5.0","5.0","5.0","5.0","5.0","5.0","4.0","4.0","3.0","3.0","3.0","3.0","3.0","3.0","4.0","4.0","4.0","4.0","5.0","5.0","4.0","4.0","4.0","4.0","4.0","4.0","4.0","4.0","5.0","5.0","5.0","5.0","5.0","5.0","5.0","5.0","5.0","5.0","5.0","5.0","5.0","5.0","5.0","5.0","5.0","5.0","4.0","4.0","5.0","5.0","5.0","5.0","5.0","5.0","5.0","5.0","5.0","5.0","4.0","4.0","5.0","5.0","5.0","5.0","5.0","5.0","5.0","5.0","5.0","5.0","4.0","4.0","5.0","5.0","5.0","5.0","5.0","5.0","5.0","5.0","5.0","5.0","5.0","5.0","5.0","5.0","5.0","5.0","Nie, żadna grafika nie zwróciła mojej uwagi na nowy aspekt w projekcie","No, no graphic drew my attention to a new aspect in the project","","","5","5","Zdecydowanie tak","Definitely yes","5","5","12","12","",""
"2024/06/11 3:19:54 PM EEST","2024/06/11 3:19:54 PM EEST","18A","18A","Pinterest","Pinterest","Nigdy wcześniej","Never before","Mniej niż 10","Less than 10","Te, które znalazłam/ znalazłem były w pełni satysfakcjonujące, dlatego nie generowałam/ generowałem ich więcej.","The ones I generated were satisfying enough","5","5","3","3","4","4","5","5","5.0","5.0","3","3","5","5","5.0","5.0","4.0","4.0","5.0","5.0","5.0","5.0","5.0","5.0","4.0","4.0","3.0","3.0","4.0","4.0","3.0","3.0","4.0","4.0","4.0","4.0","4.0","4.0","4.0","4.0","3.0","3.0","4.0","4.0","4.0","4.0","5.0","5.0","5.0","5.0","5.0","5.0","4.0","4.0","5.0","5.0","5.0","5.0","4.0","4.0","4.0","4.0","4.0","4.0","5.0","5.0","4.0","4.0","5.0","5.0","4.0","4.0","5.0","5.0","4.0","4.0","4.0","4.0","5.0","5.0","4.0","4.0","5.0","5.0","5.0","5.0","4.0","4.0","5.0","5.0","5.0","5.0","5.0","5.0","4.0","4.0","5.0","5.0","5.0","5.0","3.0","3.0","4.0","4.0","5.0","5.0","5.0","5.0","4.0","4.0","3.0","3.0","","","","","","","","","","","","","","","","","","","","","","","","","","","","","Tak, więcej niż jedna grafika zwróciły moją uwagę na nowy aspekt w projekcie","Yes, more than one graphic drew my attention to a new aspect in the project","Obłe kształty, żółte paski podświetlane na posadzce.","Rounded shapes, yellow illuminated stripes on the floor.","5","5","Raczej tak","Rather yes","5","5","12","12","",""
"2024/06/11 8:46:32 PM EEST","2024/06/11 8:46:32 PM EEST","22A","22A","Pinterest;Instagram;Midjourney","Pinterest;Instagram;Midjourney","Nigdy wcześniej","Never before","Mniej niż 10","Less than 10","Wygenerowane obrazki nie były satysfakcjonujące, dlatego ich nie zapisałam/ zapisałem.","Images were not satisfying","3","3","3","3","4","4","3","3","4.0","4.0","3","3","3","3","3.0","3.0","2.0","2.0","3.0","3.0","4.0","4.0","3.0","3.0","3.0","3.0","2.0","2.0","2.0","2.0","3.0","3.0","3.0","3.0","4.0","4.0","3.0","3.0","4.0","4.0","4.0","4.0","4.0","4.0","4.0","4.0","3.0","3.0","4.0","4.0","4.0","4.0","3.0","3.0","4.0","4.0","3.0","3.0","4.0","4.0","3.0","3.0","4.0","4.0","4.0","4.0","4.0","4.0","3.0","3.0","4.0","4.0","4.0","4.0","3.0","3.0","3.0","3.0","3.0","3.0","4.0","4.0","4.0","4.0","3.0","3.0","3.0","3.0","4.0","4.0","3.0","3.0","4.0","4.0","4.0","4.0","4.0","4.0","3.0","3.0","4.0","4.0","2.0","2.0","3.0","3.0","3.0","3.0","4.0","4.0","5.0","5.0","5.0","5.0","4.0","4.0","5.0","5.0","4.0","4.0","3.0","3.0","4.0","4.0","5.0","5.0","5.0","5.0","3.0","3.0","4.0","4.0","3.0","3.0","4.0","4.0","5.0","5.0","4.0","4.0","Tak, więcej niż jedna grafika zwróciły moją uwagę na nowy aspekt w projekcie","Yes, more than one graphic drew my attention to a new aspect in the project"," "," ","3","3","Raczej tak","Rather yes","7","7","8","8","",""
